Strain,Mutations,Number/ID,Nor Conc.,Date Recorded,Time,Well Number,Well Reading
BL21,wt,JOE2354,5 ng/mL,25-Aug,0:00,F2,0.092
BL21,Δ7,JOE6969,5 ng/mL,25-Aug,0:00,F3,0.094
BL21,wt,JOE2354,2.5 ng/mL,25-Aug,0:00,G2,0.092
BL21,Δ7,JOE6969,2.5 ng/mL,25-Aug,0:00,G3,0.092
BL21,wt,JOE2354,0 ng/mL,25-Aug,0:00,H2,0.09
BL21,Δ7,JOE6969,0 ng/mL,25-Aug,0:00,H3,0.09
BL21,wt,JOE2354,5 ng/mL,1-Sep,0:00,E2,0.094
BL21,Δ7,JOE6969,5 ng/mL,1-Sep,0:00,E3,0.097
BL21,wt,JOE2354,2.5 ng/mL,1-Sep,0:00,F2,0.094
BL21,Δ7,JOE6969,2.5 ng/mL,1-Sep,0:00,F3,0.093
BL21,wt,JOE2354,1.25 ng/mL,1-Sep,0:00,G2,0.091
BL21,Δ7,JOE6969,1.25 ng/mL,1-Sep,0:00,G3,0.091
BL21,wt,JOE2354,0 ng/mL,1-Sep,0:00,H2,0.092
BL21,Δ7,JOE6969,0 ng/mL,1-Sep,0:00,H3,0.094
BL21,wt,JOE2354,5 ng/mL,6-Sep,0:00,E2,0.094
BL21,Δ7,JOE6969,5 ng/mL,6-Sep,0:00,E3,0.095
BL21,wt,JOE2354,2.5 ng/mL,6-Sep,0:00,F2,0.091
BL21,Δ7,JOE6969,2.5 ng/mL,6-Sep,0:00,F3,0.092
BL21,wt,JOE2354,1.25 ng/mL,6-Sep,0:00,G2,0.09
BL21,Δ7,JOE6969,1.25 ng/mL,6-Sep,0:00,G3,0.089
BL21,wt,JOE2354,0 ng/mL,6-Sep,0:00,H2,0.092
BL21,Δ7,JOE6969,0 ng/mL,6-Sep,0:00,H3,0.09
BL21,wt,JOE2354,5 ng/mL,20-Sep,0:00,F2,0.1
BL21,Δ7,JOE6969,5 ng/mL,20-Sep,0:00,F3,0.099
BL21,wt,JOE2354,2.5 ng/mL,20-Sep,0:00,G2,0.098
BL21,Δ7,JOE6969,2.5 ng/mL,20-Sep,0:00,G3,0.096
BL21,wt,JOE2354,0 ng/mL,20-Sep,0:00,H2,0.095
BL21,Δ7,JOE6969,0 ng/mL,20-Sep,0:00,H3,0.096
BL21,wt,JOE2354,5 ng/mL,25-Aug,0:29,F2,0.093
BL21,Δ7,JOE6969,5 ng/mL,25-Aug,0:29,F3,0.094
BL21,wt,JOE2354,2.5 ng/mL,25-Aug,0:29,G2,0.093
BL21,Δ7,JOE6969,2.5 ng/mL,25-Aug,0:29,G3,0.092
BL21,wt,JOE2354,0 ng/mL,25-Aug,0:29,H2,0.091
BL21,Δ7,JOE6969,0 ng/mL,25-Aug,0:29,H3,0.091
BL21,wt,JOE2354,5 ng/mL,1-Sep,0:29,E2,0.096
BL21,Δ7,JOE6969,5 ng/mL,1-Sep,0:29,E3,0.098
BL21,wt,JOE2354,2.5 ng/mL,1-Sep,0:29,F2,0.096
BL21,Δ7,JOE6969,2.5 ng/mL,1-Sep,0:29,F3,0.094
BL21,wt,JOE2354,1.25 ng/mL,1-Sep,0:29,G2,0.093
BL21,Δ7,JOE6969,1.25 ng/mL,1-Sep,0:29,G3,0.092
BL21,wt,JOE2354,0 ng/mL,1-Sep,0:29,H2,0.095
BL21,Δ7,JOE6969,0 ng/mL,1-Sep,0:29,H3,0.095
BL21,wt,JOE2354,5 ng/mL,6-Sep,0:29,E2,0.096
BL21,Δ7,JOE6969,5 ng/mL,6-Sep,0:29,E3,0.095
BL21,wt,JOE2354,2.5 ng/mL,6-Sep,0:29,F2,0.092
BL21,Δ7,JOE6969,2.5 ng/mL,6-Sep,0:29,F3,0.092
BL21,wt,JOE2354,1.25 ng/mL,6-Sep,0:29,G2,0.092
BL21,Δ7,JOE6969,1.25 ng/mL,6-Sep,0:29,G3,0.089
BL21,wt,JOE2354,0 ng/mL,6-Sep,0:29,H2,0.094
BL21,Δ7,JOE6969,0 ng/mL,6-Sep,0:29,H3,0.09
BL21,wt,JOE2354,5 ng/mL,20-Sep,0:29,F2,0.102
BL21,Δ7,JOE6969,5 ng/mL,20-Sep,0:29,F3,0.1
BL21,wt,JOE2354,2.5 ng/mL,20-Sep,0:29,G2,0.101
BL21,Δ7,JOE6969,2.5 ng/mL,20-Sep,0:29,G3,0.096
BL21,wt,JOE2354,0 ng/mL,20-Sep,0:29,H2,0.097
BL21,Δ7,JOE6969,0 ng/mL,20-Sep,0:29,H3,0.097
BL21,wt,JOE2354,5 ng/mL,25-Aug,0:59,F2,0.096
BL21,Δ7,JOE6969,5 ng/mL,25-Aug,0:59,F3,0.095
BL21,wt,JOE2354,2.5 ng/mL,25-Aug,0:59,G2,0.096
BL21,Δ7,JOE6969,2.5 ng/mL,25-Aug,0:59,G3,0.093
BL21,wt,JOE2354,0 ng/mL,25-Aug,0:59,H2,0.093
BL21,Δ7,JOE6969,0 ng/mL,25-Aug,0:59,H3,0.091
BL21,wt,JOE2354,5 ng/mL,1-Sep,0:59,E2,0.1
BL21,Δ7,JOE6969,5 ng/mL,1-Sep,0:59,E3,0.1
BL21,wt,JOE2354,2.5 ng/mL,1-Sep,0:59,F2,0.1
BL21,Δ7,JOE6969,2.5 ng/mL,1-Sep,0:59,F3,0.095
BL21,wt,JOE2354,1.25 ng/mL,1-Sep,0:59,G2,0.097
BL21,Δ7,JOE6969,1.25 ng/mL,1-Sep,0:59,G3,0.093
BL21,wt,JOE2354,0 ng/mL,1-Sep,0:59,H2,0.098
BL21,Δ7,JOE6969,0 ng/mL,1-Sep,0:59,H3,0.096
BL21,wt,JOE2354,5 ng/mL,6-Sep,0:59,E2,0.098
BL21,Δ7,JOE6969,5 ng/mL,6-Sep,0:59,E3,0.096
BL21,wt,JOE2354,2.5 ng/mL,6-Sep,0:59,F2,0.095
BL21,Δ7,JOE6969,2.5 ng/mL,6-Sep,0:59,F3,0.093
BL21,wt,JOE2354,1.25 ng/mL,6-Sep,0:59,G2,0.094
BL21,Δ7,JOE6969,1.25 ng/mL,6-Sep,0:59,G3,0.09
BL21,wt,JOE2354,0 ng/mL,6-Sep,0:59,H2,0.096
BL21,Δ7,JOE6969,0 ng/mL,6-Sep,0:59,H3,0.091
BL21,wt,JOE2354,5 ng/mL,20-Sep,0:59,F2,0.108
BL21,Δ7,JOE6969,5 ng/mL,20-Sep,0:59,F3,0.101
BL21,wt,JOE2354,2.5 ng/mL,20-Sep,0:59,G2,0.106
BL21,Δ7,JOE6969,2.5 ng/mL,20-Sep,0:59,G3,0.097
BL21,wt,JOE2354,0 ng/mL,20-Sep,0:59,H2,0.102
BL21,Δ7,JOE6969,0 ng/mL,20-Sep,0:59,H3,0.098
BL21,wt,JOE2354,5 ng/mL,25-Aug,1:29,F2,0.1
BL21,Δ7,JOE6969,5 ng/mL,25-Aug,1:29,F3,0.095
BL21,wt,JOE2354,2.5 ng/mL,25-Aug,1:29,G2,0.1
BL21,Δ7,JOE6969,2.5 ng/mL,25-Aug,1:29,G3,0.094
BL21,wt,JOE2354,0 ng/mL,25-Aug,1:29,H2,0.097
BL21,Δ7,JOE6969,0 ng/mL,25-Aug,1:29,H3,0.092
BL21,wt,JOE2354,5 ng/mL,1-Sep,1:29,E2,0.107
BL21,Δ7,JOE6969,5 ng/mL,1-Sep,1:29,E3,0.102
BL21,wt,JOE2354,2.5 ng/mL,1-Sep,1:29,F2,0.108
BL21,Δ7,JOE6969,2.5 ng/mL,1-Sep,1:29,F3,0.098
BL21,wt,JOE2354,1.25 ng/mL,1-Sep,1:29,G2,0.104
BL21,Δ7,JOE6969,1.25 ng/mL,1-Sep,1:29,G3,0.096
BL21,wt,JOE2354,0 ng/mL,1-Sep,1:29,H2,0.105
BL21,Δ7,JOE6969,0 ng/mL,1-Sep,1:29,H3,0.099
BL21,wt,JOE2354,5 ng/mL,6-Sep,1:29,E2,0.104
BL21,Δ7,JOE6969,5 ng/mL,6-Sep,1:29,E3,0.096
BL21,wt,JOE2354,2.5 ng/mL,6-Sep,1:29,F2,0.1
BL21,Δ7,JOE6969,2.5 ng/mL,6-Sep,1:29,F3,0.094
BL21,wt,JOE2354,1.25 ng/mL,6-Sep,1:29,G2,0.1
BL21,Δ7,JOE6969,1.25 ng/mL,6-Sep,1:29,G3,0.091
BL21,wt,JOE2354,0 ng/mL,6-Sep,1:29,H2,0.101
BL21,Δ7,JOE6969,0 ng/mL,6-Sep,1:29,H3,0.092
BL21,wt,JOE2354,5 ng/mL,20-Sep,1:29,F2,0.121
BL21,Δ7,JOE6969,5 ng/mL,20-Sep,1:29,F3,0.102
BL21,wt,JOE2354,2.5 ng/mL,20-Sep,1:29,G2,0.117
BL21,Δ7,JOE6969,2.5 ng/mL,20-Sep,1:29,G3,0.098
BL21,wt,JOE2354,0 ng/mL,20-Sep,1:29,H2,0.111
BL21,Δ7,JOE6969,0 ng/mL,20-Sep,1:29,H3,0.099
BL21,wt,JOE2354,5 ng/mL,25-Aug,1:59,F2,0.109
BL21,Δ7,JOE6969,5 ng/mL,25-Aug,1:59,F3,0.098
BL21,wt,JOE2354,2.5 ng/mL,25-Aug,1:59,G2,0.108
BL21,Δ7,JOE6969,2.5 ng/mL,25-Aug,1:59,G3,0.096
BL21,wt,JOE2354,0 ng/mL,25-Aug,1:59,H2,0.106
BL21,Δ7,JOE6969,0 ng/mL,25-Aug,1:59,H3,0.094
BL21,wt,JOE2354,5 ng/mL,1-Sep,1:59,E2,0.123
BL21,Δ7,JOE6969,5 ng/mL,1-Sep,1:59,E3,0.107
BL21,wt,JOE2354,2.5 ng/mL,1-Sep,1:59,F2,0.123
BL21,Δ7,JOE6969,2.5 ng/mL,1-Sep,1:59,F3,0.103
BL21,wt,JOE2354,1.25 ng/mL,1-Sep,1:59,G2,0.117
BL21,Δ7,JOE6969,1.25 ng/mL,1-Sep,1:59,G3,0.1
BL21,wt,JOE2354,0 ng/mL,1-Sep,1:59,H2,0.117
BL21,Δ7,JOE6969,0 ng/mL,1-Sep,1:59,H3,0.103
BL21,wt,JOE2354,5 ng/mL,6-Sep,1:59,E2,0.116
BL21,Δ7,JOE6969,5 ng/mL,6-Sep,1:59,E3,0.099
BL21,wt,JOE2354,2.5 ng/mL,6-Sep,1:59,F2,0.111
BL21,Δ7,JOE6969,2.5 ng/mL,6-Sep,1:59,F3,0.096
BL21,wt,JOE2354,1.25 ng/mL,6-Sep,1:59,G2,0.11
BL21,Δ7,JOE6969,1.25 ng/mL,6-Sep,1:59,G3,0.093
BL21,wt,JOE2354,0 ng/mL,6-Sep,1:59,H2,0.111
BL21,Δ7,JOE6969,0 ng/mL,6-Sep,1:59,H3,0.094
BL21,wt,JOE2354,5 ng/mL,20-Sep,1:59,F2,0.143
BL21,Δ7,JOE6969,5 ng/mL,20-Sep,1:59,F3,0.105
BL21,wt,JOE2354,2.5 ng/mL,20-Sep,1:59,G2,0.138
BL21,Δ7,JOE6969,2.5 ng/mL,20-Sep,1:59,G3,0.101
BL21,wt,JOE2354,0 ng/mL,20-Sep,1:59,H2,0.129
BL21,Δ7,JOE6969,0 ng/mL,20-Sep,1:59,H3,0.102
BL21,wt,JOE2354,5 ng/mL,25-Aug,2:29,F2,0.125
BL21,Δ7,JOE6969,5 ng/mL,25-Aug,2:29,F3,0.1
BL21,wt,JOE2354,2.5 ng/mL,25-Aug,2:29,G2,0.123
BL21,Δ7,JOE6969,2.5 ng/mL,25-Aug,2:29,G3,0.099
BL21,wt,JOE2354,0 ng/mL,25-Aug,2:29,H2,0.12
BL21,Δ7,JOE6969,0 ng/mL,25-Aug,2:29,H3,0.097
BL21,wt,JOE2354,5 ng/mL,1-Sep,2:29,E2,0.153
BL21,Δ7,JOE6969,5 ng/mL,1-Sep,2:29,E3,0.117
BL21,wt,JOE2354,2.5 ng/mL,1-Sep,2:29,F2,0.15
BL21,Δ7,JOE6969,2.5 ng/mL,1-Sep,2:29,F3,0.112
BL21,wt,JOE2354,1.25 ng/mL,1-Sep,2:29,G2,0.141
BL21,Δ7,JOE6969,1.25 ng/mL,1-Sep,2:29,G3,0.109
BL21,wt,JOE2354,0 ng/mL,1-Sep,2:29,H2,0.139
BL21,Δ7,JOE6969,0 ng/mL,1-Sep,2:29,H3,0.111
BL21,wt,JOE2354,5 ng/mL,6-Sep,2:29,E2,0.14
BL21,Δ7,JOE6969,5 ng/mL,6-Sep,2:29,E3,0.103
BL21,wt,JOE2354,2.5 ng/mL,6-Sep,2:29,F2,0.133
BL21,Δ7,JOE6969,2.5 ng/mL,6-Sep,2:29,F3,0.101
BL21,wt,JOE2354,1.25 ng/mL,6-Sep,2:29,G2,0.129
BL21,Δ7,JOE6969,1.25 ng/mL,6-Sep,2:29,G3,0.097
BL21,wt,JOE2354,0 ng/mL,6-Sep,2:29,H2,0.13
BL21,Δ7,JOE6969,0 ng/mL,6-Sep,2:29,H3,0.098
BL21,wt,JOE2354,5 ng/mL,20-Sep,2:29,F2,0.178
BL21,Δ7,JOE6969,5 ng/mL,20-Sep,2:29,F3,0.111
BL21,wt,JOE2354,2.5 ng/mL,20-Sep,2:29,G2,0.173
BL21,Δ7,JOE6969,2.5 ng/mL,20-Sep,2:29,G3,0.106
BL21,wt,JOE2354,0 ng/mL,20-Sep,2:29,H2,0.157
BL21,Δ7,JOE6969,0 ng/mL,20-Sep,2:29,H3,0.106
BL21,wt,JOE2354,5 ng/mL,25-Aug,2:59,F2,0.154
BL21,Δ7,JOE6969,5 ng/mL,25-Aug,2:59,F3,0.106
BL21,wt,JOE2354,2.5 ng/mL,25-Aug,2:59,G2,0.149
BL21,Δ7,JOE6969,2.5 ng/mL,25-Aug,2:59,G3,0.104
BL21,wt,JOE2354,0 ng/mL,25-Aug,2:59,H2,0.144
BL21,Δ7,JOE6969,0 ng/mL,25-Aug,2:59,H3,0.102
BL21,wt,JOE2354,5 ng/mL,1-Sep,2:59,E2,0.202
BL21,Δ7,JOE6969,5 ng/mL,1-Sep,2:59,E3,0.134
BL21,wt,JOE2354,2.5 ng/mL,1-Sep,2:59,F2,0.196
BL21,Δ7,JOE6969,2.5 ng/mL,1-Sep,2:59,F3,0.128
BL21,wt,JOE2354,1.25 ng/mL,1-Sep,2:59,G2,0.184
BL21,Δ7,JOE6969,1.25 ng/mL,1-Sep,2:59,G3,0.124
BL21,wt,JOE2354,0 ng/mL,1-Sep,2:59,H2,0.179
BL21,Δ7,JOE6969,0 ng/mL,1-Sep,2:59,H3,0.125
BL21,wt,JOE2354,5 ng/mL,6-Sep,2:59,E2,0.183
BL21,Δ7,JOE6969,5 ng/mL,6-Sep,2:59,E3,0.111
BL21,wt,JOE2354,2.5 ng/mL,6-Sep,2:59,F2,0.173
BL21,Δ7,JOE6969,2.5 ng/mL,6-Sep,2:59,F3,0.109
BL21,wt,JOE2354,1.25 ng/mL,6-Sep,2:59,G2,0.166
BL21,Δ7,JOE6969,1.25 ng/mL,6-Sep,2:59,G3,0.104
BL21,wt,JOE2354,0 ng/mL,6-Sep,2:59,H2,0.165
BL21,Δ7,JOE6969,0 ng/mL,6-Sep,2:59,H3,0.105
BL21,wt,JOE2354,5 ng/mL,20-Sep,2:59,F2,0.236
BL21,Δ7,JOE6969,5 ng/mL,20-Sep,2:59,F3,0.122
BL21,wt,JOE2354,2.5 ng/mL,20-Sep,2:59,G2,0.233
BL21,Δ7,JOE6969,2.5 ng/mL,20-Sep,2:59,G3,0.115
BL21,wt,JOE2354,0 ng/mL,20-Sep,2:59,H2,0.213
BL21,Δ7,JOE6969,0 ng/mL,20-Sep,2:59,H3,0.115
BL21,wt,JOE2354,5 ng/mL,25-Aug,3:29,F2,0.199
BL21,Δ7,JOE6969,5 ng/mL,25-Aug,3:29,F3,0.116
BL21,wt,JOE2354,2.5 ng/mL,25-Aug,3:29,G2,0.193
BL21,Δ7,JOE6969,2.5 ng/mL,25-Aug,3:29,G3,0.114
BL21,wt,JOE2354,0 ng/mL,25-Aug,3:29,H2,0.187
BL21,Δ7,JOE6969,0 ng/mL,25-Aug,3:29,H3,0.111
BL21,wt,JOE2354,5 ng/mL,1-Sep,3:29,E2,0.273
BL21,Δ7,JOE6969,5 ng/mL,1-Sep,3:29,E3,0.16
BL21,wt,JOE2354,2.5 ng/mL,1-Sep,3:29,F2,0.27
BL21,Δ7,JOE6969,2.5 ng/mL,1-Sep,3:29,F3,0.156
BL21,wt,JOE2354,1.25 ng/mL,1-Sep,3:29,G2,0.253
BL21,Δ7,JOE6969,1.25 ng/mL,1-Sep,3:29,G3,0.149
BL21,wt,JOE2354,0 ng/mL,1-Sep,3:29,H2,0.247
BL21,Δ7,JOE6969,0 ng/mL,1-Sep,3:29,H3,0.149
BL21,wt,JOE2354,5 ng/mL,6-Sep,3:29,E2,0.253
BL21,Δ7,JOE6969,5 ng/mL,6-Sep,3:29,E3,0.126
BL21,wt,JOE2354,2.5 ng/mL,6-Sep,3:29,F2,0.244
BL21,Δ7,JOE6969,2.5 ng/mL,6-Sep,3:29,F3,0.122
BL21,wt,JOE2354,1.25 ng/mL,6-Sep,3:29,G2,0.233
BL21,Δ7,JOE6969,1.25 ng/mL,6-Sep,3:29,G3,0.117
BL21,wt,JOE2354,0 ng/mL,6-Sep,3:29,H2,0.228
BL21,Δ7,JOE6969,0 ng/mL,6-Sep,3:29,H3,0.116
BL21,wt,JOE2354,5 ng/mL,20-Sep,3:29,F2,0.291
BL21,Δ7,JOE6969,5 ng/mL,20-Sep,3:29,F3,0.139
BL21,wt,JOE2354,2.5 ng/mL,20-Sep,3:29,G2,0.303
BL21,Δ7,JOE6969,2.5 ng/mL,20-Sep,3:29,G3,0.131
BL21,wt,JOE2354,0 ng/mL,20-Sep,3:29,H2,0.289
BL21,Δ7,JOE6969,0 ng/mL,20-Sep,3:29,H3,0.129
BL21,wt,JOE2354,5 ng/mL,25-Aug,3:59,F2,0.258
BL21,Δ7,JOE6969,5 ng/mL,25-Aug,3:59,F3,0.133
BL21,wt,JOE2354,2.5 ng/mL,25-Aug,3:59,G2,0.256
BL21,Δ7,JOE6969,2.5 ng/mL,25-Aug,3:59,G3,0.13
BL21,wt,JOE2354,0 ng/mL,25-Aug,3:59,H2,0.254
BL21,Δ7,JOE6969,0 ng/mL,25-Aug,3:59,H3,0.128
BL21,wt,JOE2354,5 ng/mL,1-Sep,3:59,E2,0.295
BL21,Δ7,JOE6969,5 ng/mL,1-Sep,3:59,E3,0.199
BL21,wt,JOE2354,2.5 ng/mL,1-Sep,3:59,F2,0.326
BL21,Δ7,JOE6969,2.5 ng/mL,1-Sep,3:59,F3,0.194
BL21,wt,JOE2354,1.25 ng/mL,1-Sep,3:59,G2,0.322
BL21,Δ7,JOE6969,1.25 ng/mL,1-Sep,3:59,G3,0.186
BL21,wt,JOE2354,0 ng/mL,1-Sep,3:59,H2,0.32
BL21,Δ7,JOE6969,0 ng/mL,1-Sep,3:59,H3,0.186
BL21,wt,JOE2354,5 ng/mL,6-Sep,3:59,E2,0.283
BL21,Δ7,JOE6969,5 ng/mL,6-Sep,3:59,E3,0.145
BL21,wt,JOE2354,2.5 ng/mL,6-Sep,3:59,F2,0.299
BL21,Δ7,JOE6969,2.5 ng/mL,6-Sep,3:59,F3,0.143
BL21,wt,JOE2354,1.25 ng/mL,6-Sep,3:59,G2,0.301
BL21,Δ7,JOE6969,1.25 ng/mL,6-Sep,3:59,G3,0.137
BL21,wt,JOE2354,0 ng/mL,6-Sep,3:59,H2,0.301
BL21,Δ7,JOE6969,0 ng/mL,6-Sep,3:59,H3,0.137
BL21,wt,JOE2354,5 ng/mL,20-Sep,3:59,F2,0.304
BL21,Δ7,JOE6969,5 ng/mL,20-Sep,3:59,F3,0.163
BL21,wt,JOE2354,2.5 ng/mL,20-Sep,3:59,G2,0.353
BL21,Δ7,JOE6969,2.5 ng/mL,20-Sep,3:59,G3,0.154
BL21,wt,JOE2354,0 ng/mL,20-Sep,3:59,H2,0.387
BL21,Δ7,JOE6969,0 ng/mL,20-Sep,3:59,H3,0.151
BL21,wt,JOE2354,5 ng/mL,25-Aug,4:29,F2,0.274
BL21,Δ7,JOE6969,5 ng/mL,25-Aug,4:29,F3,0.158
BL21,wt,JOE2354,2.5 ng/mL,25-Aug,4:29,G2,0.304
BL21,Δ7,JOE6969,2.5 ng/mL,25-Aug,4:29,G3,0.156
BL21,wt,JOE2354,0 ng/mL,25-Aug,4:29,H2,0.325
BL21,Δ7,JOE6969,0 ng/mL,25-Aug,4:29,H3,0.153
BL21,wt,JOE2354,5 ng/mL,1-Sep,4:29,E2,0.301
BL21,Δ7,JOE6969,5 ng/mL,1-Sep,4:29,E3,0.241
BL21,wt,JOE2354,2.5 ng/mL,1-Sep,4:29,F2,0.39
BL21,Δ7,JOE6969,2.5 ng/mL,1-Sep,4:29,F3,0.246
BL21,wt,JOE2354,1.25 ng/mL,1-Sep,4:29,G2,0.421
BL21,Δ7,JOE6969,1.25 ng/mL,1-Sep,4:29,G3,0.24
BL21,wt,JOE2354,0 ng/mL,1-Sep,4:29,H2,0.429
BL21,Δ7,JOE6969,0 ng/mL,1-Sep,4:29,H3,0.238
BL21,wt,JOE2354,5 ng/mL,6-Sep,4:29,E2,0.285
BL21,Δ7,JOE6969,5 ng/mL,6-Sep,4:29,E3,0.169
BL21,wt,JOE2354,2.5 ng/mL,6-Sep,4:29,F2,0.367
BL21,Δ7,JOE6969,2.5 ng/mL,6-Sep,4:29,F3,0.172
BL21,wt,JOE2354,1.25 ng/mL,6-Sep,4:29,G2,0.393
BL21,Δ7,JOE6969,1.25 ng/mL,6-Sep,4:29,G3,0.168
BL21,wt,JOE2354,0 ng/mL,6-Sep,4:29,H2,0.408
BL21,Δ7,JOE6969,0 ng/mL,6-Sep,4:29,H3,0.168
BL21,wt,JOE2354,5 ng/mL,20-Sep,4:29,F2,0.32
BL21,Δ7,JOE6969,5 ng/mL,20-Sep,4:29,F3,0.191
BL21,wt,JOE2354,2.5 ng/mL,20-Sep,4:29,G2,0.419
BL21,Δ7,JOE6969,2.5 ng/mL,20-Sep,4:29,G3,0.185
BL21,wt,JOE2354,0 ng/mL,20-Sep,4:29,H2,0.544
BL21,Δ7,JOE6969,0 ng/mL,20-Sep,4:29,H3,0.187
BL21,wt,JOE2354,5 ng/mL,25-Aug,4:59,F2,0.288
BL21,Δ7,JOE6969,5 ng/mL,25-Aug,4:59,F3,0.194
BL21,wt,JOE2354,2.5 ng/mL,25-Aug,4:59,G2,0.367
BL21,Δ7,JOE6969,2.5 ng/mL,25-Aug,4:59,G3,0.193
BL21,wt,JOE2354,0 ng/mL,25-Aug,4:59,H2,0.431
BL21,Δ7,JOE6969,0 ng/mL,25-Aug,4:59,H3,0.192
BL21,wt,JOE2354,5 ng/mL,1-Sep,4:59,E2,0.301
BL21,Δ7,JOE6969,5 ng/mL,1-Sep,4:59,E3,0.235
BL21,wt,JOE2354,2.5 ng/mL,1-Sep,4:59,F2,0.471
BL21,Δ7,JOE6969,2.5 ng/mL,1-Sep,4:59,F3,0.258
BL21,wt,JOE2354,1.25 ng/mL,1-Sep,4:59,G2,0.522
BL21,Δ7,JOE6969,1.25 ng/mL,1-Sep,4:59,G3,0.27
BL21,wt,JOE2354,0 ng/mL,1-Sep,4:59,H2,0.535
BL21,Δ7,JOE6969,0 ng/mL,1-Sep,4:59,H3,0.285
BL21,wt,JOE2354,5 ng/mL,6-Sep,4:59,E2,0.299
BL21,Δ7,JOE6969,5 ng/mL,6-Sep,4:59,E3,0.173
BL21,wt,JOE2354,2.5 ng/mL,6-Sep,4:59,F2,0.462
BL21,Δ7,JOE6969,2.5 ng/mL,6-Sep,4:59,F3,0.195
BL21,wt,JOE2354,1.25 ng/mL,6-Sep,4:59,G2,0.505
BL21,Δ7,JOE6969,1.25 ng/mL,6-Sep,4:59,G3,0.2
BL21,wt,JOE2354,0 ng/mL,6-Sep,4:59,H2,0.521
BL21,Δ7,JOE6969,0 ng/mL,6-Sep,4:59,H3,0.209
BL21,wt,JOE2354,5 ng/mL,20-Sep,4:59,F2,0.321
BL21,Δ7,JOE6969,5 ng/mL,20-Sep,4:59,F3,0.183
BL21,wt,JOE2354,2.5 ng/mL,20-Sep,4:59,G2,0.486
BL21,Δ7,JOE6969,2.5 ng/mL,20-Sep,4:59,G3,0.201
BL21,wt,JOE2354,0 ng/mL,20-Sep,4:59,H2,0.637
BL21,Δ7,JOE6969,0 ng/mL,20-Sep,4:59,H3,0.23
BL21,wt,JOE2354,5 ng/mL,25-Aug,5:29,F2,0.297
BL21,Δ7,JOE6969,5 ng/mL,25-Aug,5:29,F3,0.221
BL21,wt,JOE2354,2.5 ng/mL,25-Aug,5:29,G2,0.453
BL21,Δ7,JOE6969,2.5 ng/mL,25-Aug,5:29,G3,0.232
BL21,wt,JOE2354,0 ng/mL,25-Aug,5:29,H2,0.53
BL21,Δ7,JOE6969,0 ng/mL,25-Aug,5:29,H3,0.242
BL21,wt,JOE2354,5 ng/mL,1-Sep,5:29,E2,0.286
BL21,Δ7,JOE6969,5 ng/mL,1-Sep,5:29,E3,0.215
BL21,wt,JOE2354,2.5 ng/mL,1-Sep,5:29,F2,0.536
BL21,Δ7,JOE6969,2.5 ng/mL,1-Sep,5:29,F3,0.264
BL21,wt,JOE2354,1.25 ng/mL,1-Sep,5:29,G2,0.606
BL21,Δ7,JOE6969,1.25 ng/mL,1-Sep,5:29,G3,0.295
BL21,wt,JOE2354,0 ng/mL,1-Sep,5:29,H2,0.624
BL21,Δ7,JOE6969,0 ng/mL,1-Sep,5:29,H3,0.336
BL21,wt,JOE2354,5 ng/mL,6-Sep,5:29,E2,0.308
BL21,Δ7,JOE6969,5 ng/mL,6-Sep,5:29,E3,0.156
BL21,wt,JOE2354,2.5 ng/mL,6-Sep,5:29,F2,0.542
BL21,Δ7,JOE6969,2.5 ng/mL,6-Sep,5:29,F3,0.207
BL21,wt,JOE2354,1.25 ng/mL,6-Sep,5:29,G2,0.602
BL21,Δ7,JOE6969,1.25 ng/mL,6-Sep,5:29,G3,0.226
BL21,wt,JOE2354,0 ng/mL,6-Sep,5:29,H2,0.624
BL21,Δ7,JOE6969,0 ng/mL,6-Sep,5:29,H3,0.249
BL21,wt,JOE2354,5 ng/mL,20-Sep,5:29,F2,0.323
BL21,Δ7,JOE6969,5 ng/mL,20-Sep,5:29,F3,0.159
BL21,wt,JOE2354,2.5 ng/mL,20-Sep,5:29,G2,0.547
BL21,Δ7,JOE6969,2.5 ng/mL,20-Sep,5:29,G3,0.2
BL21,wt,JOE2354,0 ng/mL,20-Sep,5:29,H2,0.772
BL21,Δ7,JOE6969,0 ng/mL,20-Sep,5:29,H3,0.274
BL21,wt,JOE2354,5 ng/mL,25-Aug,5:59,F2,0.297
BL21,Δ7,JOE6969,5 ng/mL,25-Aug,5:59,F3,0.211
BL21,wt,JOE2354,2.5 ng/mL,25-Aug,5:59,G2,0.513
BL21,Δ7,JOE6969,2.5 ng/mL,25-Aug,5:59,G3,0.243
BL21,wt,JOE2354,0 ng/mL,25-Aug,5:59,H2,0.62
BL21,Δ7,JOE6969,0 ng/mL,25-Aug,5:59,H3,0.284
BL21,wt,JOE2354,5 ng/mL,1-Sep,5:59,E2,0.281
BL21,Δ7,JOE6969,5 ng/mL,1-Sep,5:59,E3,0.185
BL21,wt,JOE2354,2.5 ng/mL,1-Sep,5:59,F2,0.603
BL21,Δ7,JOE6969,2.5 ng/mL,1-Sep,5:59,F3,0.261
BL21,wt,JOE2354,1.25 ng/mL,1-Sep,5:59,G2,0.712
BL21,Δ7,JOE6969,1.25 ng/mL,1-Sep,5:59,G3,0.325
BL21,wt,JOE2354,0 ng/mL,1-Sep,5:59,H2,0.755
BL21,Δ7,JOE6969,0 ng/mL,1-Sep,5:59,H3,0.397
BL21,wt,JOE2354,5 ng/mL,6-Sep,5:59,E2,0.313
BL21,Δ7,JOE6969,5 ng/mL,6-Sep,5:59,E3,0.14
BL21,wt,JOE2354,2.5 ng/mL,6-Sep,5:59,F2,0.632
BL21,Δ7,JOE6969,2.5 ng/mL,6-Sep,5:59,F3,0.211
BL21,wt,JOE2354,1.25 ng/mL,6-Sep,5:59,G2,0.732
BL21,Δ7,JOE6969,1.25 ng/mL,6-Sep,5:59,G3,0.26
BL21,wt,JOE2354,0 ng/mL,6-Sep,5:59,H2,0.766
BL21,Δ7,JOE6969,0 ng/mL,6-Sep,5:59,H3,0.305
BL21,wt,JOE2354,5 ng/mL,20-Sep,5:59,F2,0.319
BL21,Δ7,JOE6969,5 ng/mL,20-Sep,5:59,F3,0.14
BL21,wt,JOE2354,2.5 ng/mL,20-Sep,5:59,G2,0.587
BL21,Δ7,JOE6969,2.5 ng/mL,20-Sep,5:59,G3,0.192
BL21,wt,JOE2354,0 ng/mL,20-Sep,5:59,H2,0.912
BL21,Δ7,JOE6969,0 ng/mL,20-Sep,5:59,H3,0.335
BL21,wt,JOE2354,5 ng/mL,25-Aug,6:29,F2,0.293
BL21,Δ7,JOE6969,5 ng/mL,25-Aug,6:29,F3,0.195
BL21,wt,JOE2354,2.5 ng/mL,25-Aug,6:29,G2,0.581
BL21,Δ7,JOE6969,2.5 ng/mL,25-Aug,6:29,G3,0.252
BL21,wt,JOE2354,0 ng/mL,25-Aug,6:29,H2,0.745
BL21,Δ7,JOE6969,0 ng/mL,25-Aug,6:29,H3,0.337
BL21,wt,JOE2354,5 ng/mL,1-Sep,6:29,E2,0.279
BL21,Δ7,JOE6969,5 ng/mL,1-Sep,6:29,E3,0.16
BL21,wt,JOE2354,2.5 ng/mL,1-Sep,6:29,F2,0.679
BL21,Δ7,JOE6969,2.5 ng/mL,1-Sep,6:29,F3,0.248
BL21,wt,JOE2354,1.25 ng/mL,1-Sep,6:29,G2,0.811
BL21,Δ7,JOE6969,1.25 ng/mL,1-Sep,6:29,G3,0.35
BL21,wt,JOE2354,0 ng/mL,1-Sep,6:29,H2,0.838
BL21,Δ7,JOE6969,0 ng/mL,1-Sep,6:29,H3,0.462
BL21,wt,JOE2354,5 ng/mL,6-Sep,6:29,E2,0.323
BL21,Δ7,JOE6969,5 ng/mL,6-Sep,6:29,E3,0.128
BL21,wt,JOE2354,2.5 ng/mL,6-Sep,6:29,F2,0.744
BL21,Δ7,JOE6969,2.5 ng/mL,6-Sep,6:29,F3,0.222
BL21,wt,JOE2354,1.25 ng/mL,6-Sep,6:29,G2,0.827
BL21,Δ7,JOE6969,1.25 ng/mL,6-Sep,6:29,G3,0.305
BL21,wt,JOE2354,0 ng/mL,6-Sep,6:29,H2,0.851
BL21,Δ7,JOE6969,0 ng/mL,6-Sep,6:29,H3,0.387
BL21,wt,JOE2354,5 ng/mL,20-Sep,6:29,F2,0.31
BL21,Δ7,JOE6969,5 ng/mL,20-Sep,6:29,F3,0.125
BL21,wt,JOE2354,2.5 ng/mL,20-Sep,6:29,G2,0.638
BL21,Δ7,JOE6969,2.5 ng/mL,20-Sep,6:29,G3,0.189
BL21,wt,JOE2354,0 ng/mL,20-Sep,6:29,H2,0.98
BL21,Δ7,JOE6969,0 ng/mL,20-Sep,6:29,H3,0.422
BL21,wt,JOE2354,5 ng/mL,25-Aug,6:59,F2,0.301
BL21,Δ7,JOE6969,5 ng/mL,25-Aug,6:59,F3,0.175
BL21,wt,JOE2354,2.5 ng/mL,25-Aug,6:59,G2,0.659
BL21,Δ7,JOE6969,2.5 ng/mL,25-Aug,6:59,G3,0.252
BL21,wt,JOE2354,0 ng/mL,25-Aug,6:59,H2,0.841
BL21,Δ7,JOE6969,0 ng/mL,25-Aug,6:59,H3,0.401
BL21,wt,JOE2354,5 ng/mL,1-Sep,6:59,E2,0.284
BL21,Δ7,JOE6969,5 ng/mL,1-Sep,6:59,E3,0.143
BL21,wt,JOE2354,2.5 ng/mL,1-Sep,6:59,F2,0.755
BL21,Δ7,JOE6969,2.5 ng/mL,1-Sep,6:59,F3,0.244
BL21,wt,JOE2354,1.25 ng/mL,1-Sep,6:59,G2,0.867
BL21,Δ7,JOE6969,1.25 ng/mL,1-Sep,6:59,G3,0.395
BL21,wt,JOE2354,0 ng/mL,1-Sep,6:59,H2,0.886
BL21,Δ7,JOE6969,0 ng/mL,1-Sep,6:59,H3,0.525
BL21,wt,JOE2354,5 ng/mL,6-Sep,6:59,E2,0.35
BL21,Δ7,JOE6969,5 ng/mL,6-Sep,6:59,E3,0.121
BL21,wt,JOE2354,2.5 ng/mL,6-Sep,6:59,F2,0.806
BL21,Δ7,JOE6969,2.5 ng/mL,6-Sep,6:59,F3,0.239
BL21,wt,JOE2354,1.25 ng/mL,6-Sep,6:59,G2,0.875
BL21,Δ7,JOE6969,1.25 ng/mL,6-Sep,6:59,G3,0.37
BL21,wt,JOE2354,0 ng/mL,6-Sep,6:59,H2,0.902
BL21,Δ7,JOE6969,0 ng/mL,6-Sep,6:59,H3,0.465
BL21,wt,JOE2354,5 ng/mL,20-Sep,6:59,F2,0.3
BL21,Δ7,JOE6969,5 ng/mL,20-Sep,6:59,F3,0.117
BL21,wt,JOE2354,2.5 ng/mL,20-Sep,6:59,G2,0.687
BL21,Δ7,JOE6969,2.5 ng/mL,20-Sep,6:59,G3,0.188
BL21,wt,JOE2354,0 ng/mL,20-Sep,6:59,H2,1.025
BL21,Δ7,JOE6969,0 ng/mL,20-Sep,6:59,H3,0.505
BL21,wt,JOE2354,5 ng/mL,25-Aug,7:29,F2,0.307
BL21,Δ7,JOE6969,5 ng/mL,25-Aug,7:29,F3,0.156
BL21,wt,JOE2354,2.5 ng/mL,25-Aug,7:29,G2,0.731
BL21,Δ7,JOE6969,2.5 ng/mL,25-Aug,7:29,G3,0.256
BL21,wt,JOE2354,0 ng/mL,25-Aug,7:29,H2,0.893
BL21,Δ7,JOE6969,0 ng/mL,25-Aug,7:29,H3,0.465
BL21,wt,JOE2354,5 ng/mL,1-Sep,7:29,E2,0.286
BL21,Δ7,JOE6969,5 ng/mL,1-Sep,7:29,E3,0.132
BL21,wt,JOE2354,2.5 ng/mL,1-Sep,7:29,F2,0.788
BL21,Δ7,JOE6969,2.5 ng/mL,1-Sep,7:29,F3,0.233
BL21,wt,JOE2354,1.25 ng/mL,1-Sep,7:29,G2,0.912
BL21,Δ7,JOE6969,1.25 ng/mL,1-Sep,7:29,G3,0.42
BL21,wt,JOE2354,0 ng/mL,1-Sep,7:29,H2,0.929
BL21,Δ7,JOE6969,0 ng/mL,1-Sep,7:29,H3,0.615
BL21,wt,JOE2354,5 ng/mL,6-Sep,7:29,E2,0.369
BL21,Δ7,JOE6969,5 ng/mL,6-Sep,7:29,E3,0.114
BL21,wt,JOE2354,2.5 ng/mL,6-Sep,7:29,F2,0.851
BL21,Δ7,JOE6969,2.5 ng/mL,6-Sep,7:29,F3,0.263
BL21,wt,JOE2354,1.25 ng/mL,6-Sep,7:29,G2,0.925
BL21,Δ7,JOE6969,1.25 ng/mL,6-Sep,7:29,G3,0.438
BL21,wt,JOE2354,0 ng/mL,6-Sep,7:29,H2,0.953
BL21,Δ7,JOE6969,0 ng/mL,6-Sep,7:29,H3,0.552
BL21,wt,JOE2354,5 ng/mL,20-Sep,7:29,F2,0.283
BL21,Δ7,JOE6969,5 ng/mL,20-Sep,7:29,F3,0.112
BL21,wt,JOE2354,2.5 ng/mL,20-Sep,7:29,G2,0.729
BL21,Δ7,JOE6969,2.5 ng/mL,20-Sep,7:29,G3,0.188
BL21,wt,JOE2354,0 ng/mL,20-Sep,7:29,H2,1.075
BL21,Δ7,JOE6969,0 ng/mL,20-Sep,7:29,H3,0.601
BL21,wt,JOE2354,5 ng/mL,25-Aug,7:59,F2,0.309
BL21,Δ7,JOE6969,5 ng/mL,25-Aug,7:59,F3,0.143
BL21,wt,JOE2354,2.5 ng/mL,25-Aug,7:59,G2,0.779
BL21,Δ7,JOE6969,2.5 ng/mL,25-Aug,7:59,G3,0.264
BL21,wt,JOE2354,0 ng/mL,25-Aug,7:59,H2,0.938
BL21,Δ7,JOE6969,0 ng/mL,25-Aug,7:59,H3,0.535
BL21,wt,JOE2354,5 ng/mL,1-Sep,7:59,E2,0.276
BL21,Δ7,JOE6969,5 ng/mL,1-Sep,7:59,E3,0.125
BL21,wt,JOE2354,2.5 ng/mL,1-Sep,7:59,F2,0.823
BL21,Δ7,JOE6969,2.5 ng/mL,1-Sep,7:59,F3,0.232
BL21,wt,JOE2354,1.25 ng/mL,1-Sep,7:59,G2,0.95
BL21,Δ7,JOE6969,1.25 ng/mL,1-Sep,7:59,G3,0.477
BL21,wt,JOE2354,0 ng/mL,1-Sep,7:59,H2,0.974
BL21,Δ7,JOE6969,0 ng/mL,1-Sep,7:59,H3,0.717
BL21,wt,JOE2354,5 ng/mL,6-Sep,7:59,E2,0.398
BL21,Δ7,JOE6969,5 ng/mL,6-Sep,7:59,E3,0.112
BL21,wt,JOE2354,2.5 ng/mL,6-Sep,7:59,F2,0.892
BL21,Δ7,JOE6969,2.5 ng/mL,6-Sep,7:59,F3,0.297
BL21,wt,JOE2354,1.25 ng/mL,6-Sep,7:59,G2,0.976
BL21,Δ7,JOE6969,1.25 ng/mL,6-Sep,7:59,G3,0.509
BL21,wt,JOE2354,0 ng/mL,6-Sep,7:59,H2,0.993
BL21,Δ7,JOE6969,0 ng/mL,6-Sep,7:59,H3,0.663
BL21,wt,JOE2354,5 ng/mL,20-Sep,7:59,F2,0.269
BL21,Δ7,JOE6969,5 ng/mL,20-Sep,7:59,F3,0.11
BL21,wt,JOE2354,2.5 ng/mL,20-Sep,7:59,G2,0.786
BL21,Δ7,JOE6969,2.5 ng/mL,20-Sep,7:59,G3,0.188
BL21,wt,JOE2354,0 ng/mL,20-Sep,7:59,H2,1.104
BL21,Δ7,JOE6969,0 ng/mL,20-Sep,7:59,H3,0.703
BL21,wt,JOE2354,5 ng/mL,25-Aug,8:29,F2,0.307
BL21,Δ7,JOE6969,5 ng/mL,25-Aug,8:29,F3,0.133
BL21,wt,JOE2354,2.5 ng/mL,25-Aug,8:29,G2,0.816
BL21,Δ7,JOE6969,2.5 ng/mL,25-Aug,8:29,G3,0.272
BL21,wt,JOE2354,0 ng/mL,25-Aug,8:29,H2,0.984
BL21,Δ7,JOE6969,0 ng/mL,25-Aug,8:29,H3,0.621
BL21,wt,JOE2354,5 ng/mL,1-Sep,8:29,E2,0.281
BL21,Δ7,JOE6969,5 ng/mL,1-Sep,8:29,E3,0.121
BL21,wt,JOE2354,2.5 ng/mL,1-Sep,8:29,F2,0.851
BL21,Δ7,JOE6969,2.5 ng/mL,1-Sep,8:29,F3,0.236
BL21,wt,JOE2354,1.25 ng/mL,1-Sep,8:29,G2,0.989
BL21,Δ7,JOE6969,1.25 ng/mL,1-Sep,8:29,G3,0.55
BL21,wt,JOE2354,0 ng/mL,1-Sep,8:29,H2,1.002
BL21,Δ7,JOE6969,0 ng/mL,1-Sep,8:29,H3,0.79
BL21,wt,JOE2354,5 ng/mL,6-Sep,8:29,E2,0.413
BL21,Δ7,JOE6969,5 ng/mL,6-Sep,8:29,E3,0.109
BL21,wt,JOE2354,2.5 ng/mL,6-Sep,8:29,F2,0.927
BL21,Δ7,JOE6969,2.5 ng/mL,6-Sep,8:29,F3,0.327
BL21,wt,JOE2354,1.25 ng/mL,6-Sep,8:29,G2,1.003
BL21,Δ7,JOE6969,1.25 ng/mL,6-Sep,8:29,G3,0.575
BL21,wt,JOE2354,0 ng/mL,6-Sep,8:29,H2,1.013
BL21,Δ7,JOE6969,0 ng/mL,6-Sep,8:29,H3,0.763
BL21,wt,JOE2354,5 ng/mL,20-Sep,8:29,F2,0.255
BL21,Δ7,JOE6969,5 ng/mL,20-Sep,8:29,F3,0.108
BL21,wt,JOE2354,2.5 ng/mL,20-Sep,8:29,G2,0.813
BL21,Δ7,JOE6969,2.5 ng/mL,20-Sep,8:29,G3,0.192
BL21,wt,JOE2354,0 ng/mL,20-Sep,8:29,H2,1.136
BL21,Δ7,JOE6969,0 ng/mL,20-Sep,8:29,H3,0.814
BL21,wt,JOE2354,5 ng/mL,25-Aug,8:59,F2,0.31
BL21,Δ7,JOE6969,5 ng/mL,25-Aug,8:59,F3,0.128
BL21,wt,JOE2354,2.5 ng/mL,25-Aug,8:59,G2,0.856
BL21,Δ7,JOE6969,2.5 ng/mL,25-Aug,8:59,G3,0.292
BL21,wt,JOE2354,0 ng/mL,25-Aug,8:59,H2,1.022
BL21,Δ7,JOE6969,0 ng/mL,25-Aug,8:59,H3,0.731
BL21,wt,JOE2354,5 ng/mL,1-Sep,8:59,E2,0.275
BL21,Δ7,JOE6969,5 ng/mL,1-Sep,8:59,E3,0.118
BL21,wt,JOE2354,2.5 ng/mL,1-Sep,8:59,F2,0.894
BL21,Δ7,JOE6969,2.5 ng/mL,1-Sep,8:59,F3,0.247
BL21,wt,JOE2354,1.25 ng/mL,1-Sep,8:59,G2,1.015
BL21,Δ7,JOE6969,1.25 ng/mL,1-Sep,8:59,G3,0.609
BL21,wt,JOE2354,0 ng/mL,1-Sep,8:59,H2,1.03
BL21,Δ7,JOE6969,0 ng/mL,1-Sep,8:59,H3,0.825
BL21,wt,JOE2354,5 ng/mL,6-Sep,8:59,E2,0.429
BL21,Δ7,JOE6969,5 ng/mL,6-Sep,8:59,E3,0.107
BL21,wt,JOE2354,2.5 ng/mL,6-Sep,8:59,F2,0.958
BL21,Δ7,JOE6969,2.5 ng/mL,6-Sep,8:59,F3,0.352
BL21,wt,JOE2354,1.25 ng/mL,6-Sep,8:59,G2,1.025
BL21,Δ7,JOE6969,1.25 ng/mL,6-Sep,8:59,G3,0.69
BL21,wt,JOE2354,0 ng/mL,6-Sep,8:59,H2,1.043
BL21,Δ7,JOE6969,0 ng/mL,6-Sep,8:59,H3,0.824
BL21,wt,JOE2354,5 ng/mL,20-Sep,8:59,F2,0.24
BL21,Δ7,JOE6969,5 ng/mL,20-Sep,8:59,F3,0.108
BL21,wt,JOE2354,2.5 ng/mL,20-Sep,8:59,G2,0.843
BL21,Δ7,JOE6969,2.5 ng/mL,20-Sep,8:59,G3,0.196
BL21,wt,JOE2354,0 ng/mL,20-Sep,8:59,H2,1.17
BL21,Δ7,JOE6969,0 ng/mL,20-Sep,8:59,H3,0.867
BL21,wt,JOE2354,5 ng/mL,25-Aug,9:29,F2,0.315
BL21,Δ7,JOE6969,5 ng/mL,25-Aug,9:29,F3,0.124
BL21,wt,JOE2354,2.5 ng/mL,25-Aug,9:29,G2,0.891
BL21,Δ7,JOE6969,2.5 ng/mL,25-Aug,9:29,G3,0.305
BL21,wt,JOE2354,0 ng/mL,25-Aug,9:29,H2,1.051
BL21,Δ7,JOE6969,0 ng/mL,25-Aug,9:29,H3,0.781
BL21,wt,JOE2354,5 ng/mL,1-Sep,9:29,E2,0.272
BL21,Δ7,JOE6969,5 ng/mL,1-Sep,9:29,E3,0.116
BL21,wt,JOE2354,2.5 ng/mL,1-Sep,9:29,F2,0.932
BL21,Δ7,JOE6969,2.5 ng/mL,1-Sep,9:29,F3,0.255
BL21,wt,JOE2354,1.25 ng/mL,1-Sep,9:29,G2,1.041
BL21,Δ7,JOE6969,1.25 ng/mL,1-Sep,9:29,G3,0.665
BL21,wt,JOE2354,0 ng/mL,1-Sep,9:29,H2,1.052
BL21,Δ7,JOE6969,0 ng/mL,1-Sep,9:29,H3,0.866
BL21,wt,JOE2354,5 ng/mL,6-Sep,9:29,E2,0.449
BL21,Δ7,JOE6969,5 ng/mL,6-Sep,9:29,E3,0.106
BL21,wt,JOE2354,2.5 ng/mL,6-Sep,9:29,F2,0.993
BL21,Δ7,JOE6969,2.5 ng/mL,6-Sep,9:29,F3,0.39
BL21,wt,JOE2354,1.25 ng/mL,6-Sep,9:29,G2,1.057
BL21,Δ7,JOE6969,1.25 ng/mL,6-Sep,9:29,G3,0.747
BL21,wt,JOE2354,0 ng/mL,6-Sep,9:29,H2,1.069
BL21,Δ7,JOE6969,0 ng/mL,6-Sep,9:29,H3,0.872
BL21,wt,JOE2354,5 ng/mL,20-Sep,9:29,F2,0.224
BL21,Δ7,JOE6969,5 ng/mL,20-Sep,9:29,F3,0.107
BL21,wt,JOE2354,2.5 ng/mL,20-Sep,9:29,G2,0.87
BL21,Δ7,JOE6969,2.5 ng/mL,20-Sep,9:29,G3,0.2
BL21,wt,JOE2354,0 ng/mL,20-Sep,9:29,H2,1.183
BL21,Δ7,JOE6969,0 ng/mL,20-Sep,9:29,H3,0.906
BL21,wt,JOE2354,5 ng/mL,25-Aug,9:59,F2,0.317
BL21,Δ7,JOE6969,5 ng/mL,25-Aug,9:59,F3,0.121
BL21,wt,JOE2354,2.5 ng/mL,25-Aug,9:59,G2,0.932
BL21,Δ7,JOE6969,2.5 ng/mL,25-Aug,9:59,G3,0.317
BL21,wt,JOE2354,0 ng/mL,25-Aug,9:59,H2,1.077
BL21,Δ7,JOE6969,0 ng/mL,25-Aug,9:59,H3,0.82
BL21,wt,JOE2354,5 ng/mL,1-Sep,9:59,E2,0.277
BL21,Δ7,JOE6969,5 ng/mL,1-Sep,9:59,E3,0.114
BL21,wt,JOE2354,2.5 ng/mL,1-Sep,9:59,F2,0.941
BL21,Δ7,JOE6969,2.5 ng/mL,1-Sep,9:59,F3,0.263
BL21,wt,JOE2354,1.25 ng/mL,1-Sep,9:59,G2,1.06
BL21,Δ7,JOE6969,1.25 ng/mL,1-Sep,9:59,G3,0.71
BL21,wt,JOE2354,0 ng/mL,1-Sep,9:59,H2,1.065
BL21,Δ7,JOE6969,0 ng/mL,1-Sep,9:59,H3,0.909
BL21,wt,JOE2354,5 ng/mL,6-Sep,9:59,E2,0.453
BL21,Δ7,JOE6969,5 ng/mL,6-Sep,9:59,E3,0.104
BL21,wt,JOE2354,2.5 ng/mL,6-Sep,9:59,F2,1.013
BL21,Δ7,JOE6969,2.5 ng/mL,6-Sep,9:59,F3,0.431
BL21,wt,JOE2354,1.25 ng/mL,6-Sep,9:59,G2,1.077
BL21,Δ7,JOE6969,1.25 ng/mL,6-Sep,9:59,G3,0.797
BL21,wt,JOE2354,0 ng/mL,6-Sep,9:59,H2,1.082
BL21,Δ7,JOE6969,0 ng/mL,6-Sep,9:59,H3,0.92
BL21,wt,JOE2354,5 ng/mL,20-Sep,9:59,F2,0.212
BL21,Δ7,JOE6969,5 ng/mL,20-Sep,9:59,F3,0.106
BL21,wt,JOE2354,2.5 ng/mL,20-Sep,9:59,G2,0.885
BL21,Δ7,JOE6969,2.5 ng/mL,20-Sep,9:59,G3,0.207
BL21,wt,JOE2354,0 ng/mL,20-Sep,9:59,H2,1.192
BL21,Δ7,JOE6969,0 ng/mL,20-Sep,9:59,H3,0.946
BL21,wt,JOE2354,5 ng/mL,25-Aug,10:29,F2,0.32
BL21,Δ7,JOE6969,5 ng/mL,25-Aug,10:29,F3,0.119
BL21,wt,JOE2354,2.5 ng/mL,25-Aug,10:29,G2,0.961
BL21,Δ7,JOE6969,2.5 ng/mL,25-Aug,10:29,G3,0.336
BL21,wt,JOE2354,0 ng/mL,25-Aug,10:29,H2,1.092
BL21,Δ7,JOE6969,0 ng/mL,25-Aug,10:29,H3,0.851
BL21,wt,JOE2354,5 ng/mL,1-Sep,10:29,E2,0.249
BL21,Δ7,JOE6969,5 ng/mL,1-Sep,10:29,E3,0.113
BL21,wt,JOE2354,2.5 ng/mL,1-Sep,10:29,F2,0.958
BL21,Δ7,JOE6969,2.5 ng/mL,1-Sep,10:29,F3,0.275
BL21,wt,JOE2354,1.25 ng/mL,1-Sep,10:29,G2,1.073
BL21,Δ7,JOE6969,1.25 ng/mL,1-Sep,10:29,G3,0.742
BL21,wt,JOE2354,0 ng/mL,1-Sep,10:29,H2,1.075
BL21,Δ7,JOE6969,0 ng/mL,1-Sep,10:29,H3,0.936
BL21,wt,JOE2354,5 ng/mL,6-Sep,10:29,E2,0.461
BL21,Δ7,JOE6969,5 ng/mL,6-Sep,10:29,E3,0.104
BL21,wt,JOE2354,2.5 ng/mL,6-Sep,10:29,F2,1.033
BL21,Δ7,JOE6969,2.5 ng/mL,6-Sep,10:29,F3,0.472
BL21,wt,JOE2354,1.25 ng/mL,6-Sep,10:29,G2,1.087
BL21,Δ7,JOE6969,1.25 ng/mL,6-Sep,10:29,G3,0.831
BL21,wt,JOE2354,0 ng/mL,6-Sep,10:29,H2,1.092
BL21,Δ7,JOE6969,0 ng/mL,6-Sep,10:29,H3,0.963
BL21,wt,JOE2354,5 ng/mL,20-Sep,10:29,F2,0.202
BL21,Δ7,JOE6969,5 ng/mL,20-Sep,10:29,F3,0.106
BL21,wt,JOE2354,2.5 ng/mL,20-Sep,10:29,G2,0.903
BL21,Δ7,JOE6969,2.5 ng/mL,20-Sep,10:29,G3,0.215
BL21,wt,JOE2354,0 ng/mL,20-Sep,10:29,H2,1.192
BL21,Δ7,JOE6969,0 ng/mL,20-Sep,10:29,H3,0.989
BL21,wt,JOE2354,5 ng/mL,25-Aug,10:59,F2,0.314
BL21,Δ7,JOE6969,5 ng/mL,25-Aug,10:59,F3,0.116
BL21,wt,JOE2354,2.5 ng/mL,25-Aug,10:59,G2,0.993
BL21,Δ7,JOE6969,2.5 ng/mL,25-Aug,10:59,G3,0.351
BL21,wt,JOE2354,0 ng/mL,25-Aug,10:59,H2,1.101
BL21,Δ7,JOE6969,0 ng/mL,25-Aug,10:59,H3,0.891
BL21,wt,JOE2354,5 ng/mL,1-Sep,10:59,E2,0.259
BL21,Δ7,JOE6969,5 ng/mL,1-Sep,10:59,E3,0.111
BL21,wt,JOE2354,2.5 ng/mL,1-Sep,10:59,F2,0.971
BL21,Δ7,JOE6969,2.5 ng/mL,1-Sep,10:59,F3,0.28
BL21,wt,JOE2354,1.25 ng/mL,1-Sep,10:59,G2,1.079
BL21,Δ7,JOE6969,1.25 ng/mL,1-Sep,10:59,G3,0.76
BL21,wt,JOE2354,0 ng/mL,1-Sep,10:59,H2,1.082
BL21,Δ7,JOE6969,0 ng/mL,1-Sep,10:59,H3,0.962
BL21,wt,JOE2354,5 ng/mL,6-Sep,10:59,E2,0.466
BL21,Δ7,JOE6969,5 ng/mL,6-Sep,10:59,E3,0.103
BL21,wt,JOE2354,2.5 ng/mL,6-Sep,10:59,F2,1.054
BL21,Δ7,JOE6969,2.5 ng/mL,6-Sep,10:59,F3,0.519
BL21,wt,JOE2354,1.25 ng/mL,6-Sep,10:59,G2,1.094
BL21,Δ7,JOE6969,1.25 ng/mL,6-Sep,10:59,G3,0.862
BL21,wt,JOE2354,0 ng/mL,6-Sep,10:59,H2,1.101
BL21,Δ7,JOE6969,0 ng/mL,6-Sep,10:59,H3,0.988
BL21,wt,JOE2354,5 ng/mL,20-Sep,10:59,F2,0.192
BL21,Δ7,JOE6969,5 ng/mL,20-Sep,10:59,F3,0.106
BL21,wt,JOE2354,2.5 ng/mL,20-Sep,10:59,G2,0.929
BL21,Δ7,JOE6969,2.5 ng/mL,20-Sep,10:59,G3,0.223
BL21,wt,JOE2354,0 ng/mL,20-Sep,10:59,H2,1.2
BL21,Δ7,JOE6969,0 ng/mL,20-Sep,10:59,H3,1.015
BL21,wt,JOE2354,5 ng/mL,25-Aug,11:29,F2,0.314
BL21,Δ7,JOE6969,5 ng/mL,25-Aug,11:29,F3,0.116
BL21,wt,JOE2354,2.5 ng/mL,25-Aug,11:29,G2,1.01
BL21,Δ7,JOE6969,2.5 ng/mL,25-Aug,11:29,G3,0.368
BL21,wt,JOE2354,0 ng/mL,25-Aug,11:29,H2,1.107
BL21,Δ7,JOE6969,0 ng/mL,25-Aug,11:29,H3,0.924
BL21,wt,JOE2354,5 ng/mL,1-Sep,11:29,E2,0.236
BL21,Δ7,JOE6969,5 ng/mL,1-Sep,11:29,E3,0.111
BL21,wt,JOE2354,2.5 ng/mL,1-Sep,11:29,F2,0.998
BL21,Δ7,JOE6969,2.5 ng/mL,1-Sep,11:29,F3,0.286
BL21,wt,JOE2354,1.25 ng/mL,1-Sep,11:29,G2,1.086
BL21,Δ7,JOE6969,1.25 ng/mL,1-Sep,11:29,G3,0.79
BL21,wt,JOE2354,0 ng/mL,1-Sep,11:29,H2,1.087
BL21,Δ7,JOE6969,0 ng/mL,1-Sep,11:29,H3,0.98
BL21,wt,JOE2354,5 ng/mL,6-Sep,11:29,E2,0.466
BL21,Δ7,JOE6969,5 ng/mL,6-Sep,11:29,E3,0.103
BL21,wt,JOE2354,2.5 ng/mL,6-Sep,11:29,F2,1.067
BL21,Δ7,JOE6969,2.5 ng/mL,6-Sep,11:29,F3,0.551
BL21,wt,JOE2354,1.25 ng/mL,6-Sep,11:29,G2,1.1
BL21,Δ7,JOE6969,1.25 ng/mL,6-Sep,11:29,G3,0.894
BL21,wt,JOE2354,0 ng/mL,6-Sep,11:29,H2,1.106
BL21,Δ7,JOE6969,0 ng/mL,6-Sep,11:29,H3,1.013
BL21,wt,JOE2354,5 ng/mL,20-Sep,11:29,F2,0.181
BL21,Δ7,JOE6969,5 ng/mL,20-Sep,11:29,F3,0.106
BL21,wt,JOE2354,2.5 ng/mL,20-Sep,11:29,G2,0.953
BL21,Δ7,JOE6969,2.5 ng/mL,20-Sep,11:29,G3,0.232
BL21,wt,JOE2354,0 ng/mL,20-Sep,11:29,H2,1.204
BL21,Δ7,JOE6969,0 ng/mL,20-Sep,11:29,H3,1.034
BL21,wt,JOE2354,5 ng/mL,25-Aug,11:59,F2,0.312
BL21,Δ7,JOE6969,5 ng/mL,25-Aug,11:59,F3,0.115
BL21,wt,JOE2354,2.5 ng/mL,25-Aug,11:59,G2,1.03
BL21,Δ7,JOE6969,2.5 ng/mL,25-Aug,11:59,G3,0.386
BL21,wt,JOE2354,0 ng/mL,25-Aug,11:59,H2,1.119
BL21,Δ7,JOE6969,0 ng/mL,25-Aug,11:59,H3,0.951
BL21,wt,JOE2354,5 ng/mL,1-Sep,11:59,E2,0.233
BL21,Δ7,JOE6969,5 ng/mL,1-Sep,11:59,E3,0.11
BL21,wt,JOE2354,2.5 ng/mL,1-Sep,11:59,F2,1.031
BL21,Δ7,JOE6969,2.5 ng/mL,1-Sep,11:59,F3,0.294
BL21,wt,JOE2354,1.25 ng/mL,1-Sep,11:59,G2,1.092
BL21,Δ7,JOE6969,1.25 ng/mL,1-Sep,11:59,G3,0.817
BL21,wt,JOE2354,0 ng/mL,1-Sep,11:59,H2,1.092
BL21,Δ7,JOE6969,0 ng/mL,1-Sep,11:59,H3,0.991
BL21,wt,JOE2354,5 ng/mL,6-Sep,11:59,E2,0.466
BL21,Δ7,JOE6969,5 ng/mL,6-Sep,11:59,E3,0.103
BL21,wt,JOE2354,2.5 ng/mL,6-Sep,11:59,F2,1.08
BL21,Δ7,JOE6969,2.5 ng/mL,6-Sep,11:59,F3,0.582
BL21,wt,JOE2354,1.25 ng/mL,6-Sep,11:59,G2,1.107
BL21,Δ7,JOE6969,1.25 ng/mL,6-Sep,11:59,G3,0.921
BL21,wt,JOE2354,0 ng/mL,6-Sep,11:59,H2,1.113
BL21,Δ7,JOE6969,0 ng/mL,6-Sep,11:59,H3,1.031
BL21,wt,JOE2354,5 ng/mL,20-Sep,11:59,F2,0.175
BL21,Δ7,JOE6969,5 ng/mL,20-Sep,11:59,F3,0.106
BL21,wt,JOE2354,2.5 ng/mL,20-Sep,11:59,G2,0.972
BL21,Δ7,JOE6969,2.5 ng/mL,20-Sep,11:59,G3,0.234
BL21,wt,JOE2354,0 ng/mL,20-Sep,11:59,H2,1.211
BL21,Δ7,JOE6969,0 ng/mL,20-Sep,11:59,H3,1.048
BL21,wt,JOE2354,5 ng/mL,25-Aug,12:29,F2,0.307
BL21,Δ7,JOE6969,5 ng/mL,25-Aug,12:29,F3,0.114
BL21,wt,JOE2354,2.5 ng/mL,25-Aug,12:29,G2,1.04
BL21,Δ7,JOE6969,2.5 ng/mL,25-Aug,12:29,G3,0.405
BL21,wt,JOE2354,0 ng/mL,25-Aug,12:29,H2,1.128
BL21,Δ7,JOE6969,0 ng/mL,25-Aug,12:29,H3,0.967
BL21,wt,JOE2354,5 ng/mL,1-Sep,12:29,E2,0.224
BL21,Δ7,JOE6969,5 ng/mL,1-Sep,12:29,E3,0.11
BL21,wt,JOE2354,2.5 ng/mL,1-Sep,12:29,F2,1.041
BL21,Δ7,JOE6969,2.5 ng/mL,1-Sep,12:29,F3,0.3
BL21,wt,JOE2354,1.25 ng/mL,1-Sep,12:29,G2,1.099
BL21,Δ7,JOE6969,1.25 ng/mL,1-Sep,12:29,G3,0.845
BL21,wt,JOE2354,0 ng/mL,1-Sep,12:29,H2,1.097
BL21,Δ7,JOE6969,0 ng/mL,1-Sep,12:29,H3,1.011
BL21,wt,JOE2354,5 ng/mL,6-Sep,12:29,E2,0.473
BL21,Δ7,JOE6969,5 ng/mL,6-Sep,12:29,E3,0.102
BL21,wt,JOE2354,2.5 ng/mL,6-Sep,12:29,F2,1.084
BL21,Δ7,JOE6969,2.5 ng/mL,6-Sep,12:29,F3,0.605
BL21,wt,JOE2354,1.25 ng/mL,6-Sep,12:29,G2,1.113
BL21,Δ7,JOE6969,1.25 ng/mL,6-Sep,12:29,G3,0.946
BL21,wt,JOE2354,0 ng/mL,6-Sep,12:29,H2,1.12
BL21,Δ7,JOE6969,0 ng/mL,6-Sep,12:29,H3,1.042
BL21,wt,JOE2354,5 ng/mL,20-Sep,12:29,F2,0.173
BL21,Δ7,JOE6969,5 ng/mL,20-Sep,12:29,F3,0.105
BL21,wt,JOE2354,2.5 ng/mL,20-Sep,12:29,G2,0.99
BL21,Δ7,JOE6969,2.5 ng/mL,20-Sep,12:29,G3,0.238
BL21,wt,JOE2354,0 ng/mL,20-Sep,12:29,H2,1.216
BL21,Δ7,JOE6969,0 ng/mL,20-Sep,12:29,H3,1.061
BL21,wt,JOE2354,5 ng/mL,25-Aug,12:59,F2,0.3
BL21,Δ7,JOE6969,5 ng/mL,25-Aug,12:59,F3,0.117
BL21,wt,JOE2354,2.5 ng/mL,25-Aug,12:59,G2,1.051
BL21,Δ7,JOE6969,2.5 ng/mL,25-Aug,12:59,G3,0.422
BL21,wt,JOE2354,0 ng/mL,25-Aug,12:59,H2,1.137
BL21,Δ7,JOE6969,0 ng/mL,25-Aug,12:59,H3,0.987
BL21,wt,JOE2354,5 ng/mL,1-Sep,12:59,E2,0.202
BL21,Δ7,JOE6969,5 ng/mL,1-Sep,12:59,E3,0.111
BL21,wt,JOE2354,2.5 ng/mL,1-Sep,12:59,F2,1.047
BL21,Δ7,JOE6969,2.5 ng/mL,1-Sep,12:59,F3,0.306
BL21,wt,JOE2354,1.25 ng/mL,1-Sep,12:59,G2,1.105
BL21,Δ7,JOE6969,1.25 ng/mL,1-Sep,12:59,G3,0.859
BL21,wt,JOE2354,0 ng/mL,1-Sep,12:59,H2,1.103
BL21,Δ7,JOE6969,0 ng/mL,1-Sep,12:59,H3,1.025
BL21,wt,JOE2354,5 ng/mL,6-Sep,12:59,E2,0.482
BL21,Δ7,JOE6969,5 ng/mL,6-Sep,12:59,E3,0.102
BL21,wt,JOE2354,2.5 ng/mL,6-Sep,12:59,F2,1.088
BL21,Δ7,JOE6969,2.5 ng/mL,6-Sep,12:59,F3,0.622
BL21,wt,JOE2354,1.25 ng/mL,6-Sep,12:59,G2,1.118
BL21,Δ7,JOE6969,1.25 ng/mL,6-Sep,12:59,G3,0.958
BL21,wt,JOE2354,0 ng/mL,6-Sep,12:59,H2,1.125
BL21,Δ7,JOE6969,0 ng/mL,6-Sep,12:59,H3,1.063
BL21,wt,JOE2354,5 ng/mL,20-Sep,12:59,F2,0.171
BL21,Δ7,JOE6969,5 ng/mL,20-Sep,12:59,F3,0.106
BL21,wt,JOE2354,2.5 ng/mL,20-Sep,12:59,G2,1.013
BL21,Δ7,JOE6969,2.5 ng/mL,20-Sep,12:59,G3,0.242
BL21,wt,JOE2354,0 ng/mL,20-Sep,12:59,H2,1.221
BL21,Δ7,JOE6969,0 ng/mL,20-Sep,12:59,H3,1.079
BL21,wt,JOE2354,5 ng/mL,25-Aug,13:29,F2,0.293
BL21,Δ7,JOE6969,5 ng/mL,25-Aug,13:29,F3,0.114
BL21,wt,JOE2354,2.5 ng/mL,25-Aug,13:29,G2,1.055
BL21,Δ7,JOE6969,2.5 ng/mL,25-Aug,13:29,G3,0.441
BL21,wt,JOE2354,0 ng/mL,25-Aug,13:29,H2,1.147
BL21,Δ7,JOE6969,0 ng/mL,25-Aug,13:29,H3,1.003
BL21,wt,JOE2354,5 ng/mL,1-Sep,13:29,E2,0.198
BL21,Δ7,JOE6969,5 ng/mL,1-Sep,13:29,E3,0.111
BL21,wt,JOE2354,2.5 ng/mL,1-Sep,13:29,F2,1.031
BL21,Δ7,JOE6969,2.5 ng/mL,1-Sep,13:29,F3,0.316
BL21,wt,JOE2354,1.25 ng/mL,1-Sep,13:29,G2,1.109
BL21,Δ7,JOE6969,1.25 ng/mL,1-Sep,13:29,G3,0.87
BL21,wt,JOE2354,0 ng/mL,1-Sep,13:29,H2,1.107
BL21,Δ7,JOE6969,0 ng/mL,1-Sep,13:29,H3,1.035
BL21,wt,JOE2354,5 ng/mL,6-Sep,13:29,E2,0.487
BL21,Δ7,JOE6969,5 ng/mL,6-Sep,13:29,E3,0.102
BL21,wt,JOE2354,2.5 ng/mL,6-Sep,13:29,F2,1.101
BL21,Δ7,JOE6969,2.5 ng/mL,6-Sep,13:29,F3,0.645
BL21,wt,JOE2354,1.25 ng/mL,6-Sep,13:29,G2,1.122
BL21,Δ7,JOE6969,1.25 ng/mL,6-Sep,13:29,G3,0.971
BL21,wt,JOE2354,0 ng/mL,6-Sep,13:29,H2,1.128
BL21,Δ7,JOE6969,0 ng/mL,6-Sep,13:29,H3,1.077
BL21,wt,JOE2354,5 ng/mL,20-Sep,13:29,F2,0.17
BL21,Δ7,JOE6969,5 ng/mL,20-Sep,13:29,F3,0.106
BL21,wt,JOE2354,2.5 ng/mL,20-Sep,13:29,G2,1.026
BL21,Δ7,JOE6969,2.5 ng/mL,20-Sep,13:29,G3,0.239
BL21,wt,JOE2354,0 ng/mL,20-Sep,13:29,H2,1.227
BL21,Δ7,JOE6969,0 ng/mL,20-Sep,13:29,H3,1.093
BL21,wt,JOE2354,5 ng/mL,25-Aug,13:59,F2,0.287
BL21,Δ7,JOE6969,5 ng/mL,25-Aug,13:59,F3,0.114
BL21,wt,JOE2354,2.5 ng/mL,25-Aug,13:59,G2,1.063
BL21,Δ7,JOE6969,2.5 ng/mL,25-Aug,13:59,G3,0.459
BL21,wt,JOE2354,0 ng/mL,25-Aug,13:59,H2,1.156
BL21,Δ7,JOE6969,0 ng/mL,25-Aug,13:59,H3,1.022
BL21,wt,JOE2354,5 ng/mL,1-Sep,13:59,E2,0.193
BL21,Δ7,JOE6969,5 ng/mL,1-Sep,13:59,E3,0.111
BL21,wt,JOE2354,2.5 ng/mL,1-Sep,13:59,F2,1.045
BL21,Δ7,JOE6969,2.5 ng/mL,1-Sep,13:59,F3,0.323
BL21,wt,JOE2354,1.25 ng/mL,1-Sep,13:59,G2,1.112
BL21,Δ7,JOE6969,1.25 ng/mL,1-Sep,13:59,G3,0.882
BL21,wt,JOE2354,0 ng/mL,1-Sep,13:59,H2,1.111
BL21,Δ7,JOE6969,0 ng/mL,1-Sep,13:59,H3,1.046
BL21,wt,JOE2354,5 ng/mL,6-Sep,13:59,E2,0.486
BL21,Δ7,JOE6969,5 ng/mL,6-Sep,13:59,E3,0.102
BL21,wt,JOE2354,2.5 ng/mL,6-Sep,13:59,F2,1.109
BL21,Δ7,JOE6969,2.5 ng/mL,6-Sep,13:59,F3,0.658
BL21,wt,JOE2354,1.25 ng/mL,6-Sep,13:59,G2,1.126
BL21,Δ7,JOE6969,1.25 ng/mL,6-Sep,13:59,G3,0.991
BL21,wt,JOE2354,0 ng/mL,6-Sep,13:59,H2,1.132
BL21,Δ7,JOE6969,0 ng/mL,6-Sep,13:59,H3,1.09
BL21,wt,JOE2354,5 ng/mL,20-Sep,13:59,F2,0.178
BL21,Δ7,JOE6969,5 ng/mL,20-Sep,13:59,F3,0.106
BL21,wt,JOE2354,2.5 ng/mL,20-Sep,13:59,G2,1.041
BL21,Δ7,JOE6969,2.5 ng/mL,20-Sep,13:59,G3,0.241
BL21,wt,JOE2354,0 ng/mL,20-Sep,13:59,H2,1.231
BL21,Δ7,JOE6969,0 ng/mL,20-Sep,13:59,H3,1.109
BL21,wt,JOE2354,5 ng/mL,25-Aug,14:29,F2,0.279
BL21,Δ7,JOE6969,5 ng/mL,25-Aug,14:29,F3,0.114
BL21,wt,JOE2354,2.5 ng/mL,25-Aug,14:29,G2,1.069
BL21,Δ7,JOE6969,2.5 ng/mL,25-Aug,14:29,G3,0.471
BL21,wt,JOE2354,0 ng/mL,25-Aug,14:29,H2,1.165
BL21,Δ7,JOE6969,0 ng/mL,25-Aug,14:29,H3,1.035
BL21,wt,JOE2354,5 ng/mL,1-Sep,14:29,E2,0.183
BL21,Δ7,JOE6969,5 ng/mL,1-Sep,14:29,E3,0.111
BL21,wt,JOE2354,2.5 ng/mL,1-Sep,14:29,F2,1.048
BL21,Δ7,JOE6969,2.5 ng/mL,1-Sep,14:29,F3,0.333
BL21,wt,JOE2354,1.25 ng/mL,1-Sep,14:29,G2,1.115
BL21,Δ7,JOE6969,1.25 ng/mL,1-Sep,14:29,G3,0.893
BL21,wt,JOE2354,0 ng/mL,1-Sep,14:29,H2,1.115
BL21,Δ7,JOE6969,0 ng/mL,1-Sep,14:29,H3,1.055
BL21,wt,JOE2354,5 ng/mL,6-Sep,14:29,E2,0.489
BL21,Δ7,JOE6969,5 ng/mL,6-Sep,14:29,E3,0.102
BL21,wt,JOE2354,2.5 ng/mL,6-Sep,14:29,F2,1.113
BL21,Δ7,JOE6969,2.5 ng/mL,6-Sep,14:29,F3,0.675
BL21,wt,JOE2354,1.25 ng/mL,6-Sep,14:29,G2,1.13
BL21,Δ7,JOE6969,1.25 ng/mL,6-Sep,14:29,G3,1.002
BL21,wt,JOE2354,0 ng/mL,6-Sep,14:29,H2,1.137
BL21,Δ7,JOE6969,0 ng/mL,6-Sep,14:29,H3,1.098
BL21,wt,JOE2354,5 ng/mL,20-Sep,14:29,F2,0.191
BL21,Δ7,JOE6969,5 ng/mL,20-Sep,14:29,F3,0.106
BL21,wt,JOE2354,2.5 ng/mL,20-Sep,14:29,G2,1.047
BL21,Δ7,JOE6969,2.5 ng/mL,20-Sep,14:29,G3,0.246
BL21,wt,JOE2354,0 ng/mL,20-Sep,14:29,H2,1.236
BL21,Δ7,JOE6969,0 ng/mL,20-Sep,14:29,H3,1.122
BL21,wt,JOE2354,5 ng/mL,25-Aug,14:59,F2,0.269
BL21,Δ7,JOE6969,5 ng/mL,25-Aug,14:59,F3,0.114
BL21,wt,JOE2354,2.5 ng/mL,25-Aug,14:59,G2,1.072
BL21,Δ7,JOE6969,2.5 ng/mL,25-Aug,14:59,G3,0.485
BL21,wt,JOE2354,0 ng/mL,25-Aug,14:59,H2,1.173
BL21,Δ7,JOE6969,0 ng/mL,25-Aug,14:59,H3,1.047
BL21,wt,JOE2354,5 ng/mL,1-Sep,14:59,E2,0.173
BL21,Δ7,JOE6969,5 ng/mL,1-Sep,14:59,E3,0.111
BL21,wt,JOE2354,2.5 ng/mL,1-Sep,14:59,F2,1.053
BL21,Δ7,JOE6969,2.5 ng/mL,1-Sep,14:59,F3,0.343
BL21,wt,JOE2354,1.25 ng/mL,1-Sep,14:59,G2,1.117
BL21,Δ7,JOE6969,1.25 ng/mL,1-Sep,14:59,G3,0.907
BL21,wt,JOE2354,0 ng/mL,1-Sep,14:59,H2,1.117
BL21,Δ7,JOE6969,0 ng/mL,1-Sep,14:59,H3,1.06
BL21,wt,JOE2354,5 ng/mL,6-Sep,14:59,E2,0.491
BL21,Δ7,JOE6969,5 ng/mL,6-Sep,14:59,E3,0.102
BL21,wt,JOE2354,2.5 ng/mL,6-Sep,14:59,F2,1.115
BL21,Δ7,JOE6969,2.5 ng/mL,6-Sep,14:59,F3,0.677
BL21,wt,JOE2354,1.25 ng/mL,6-Sep,14:59,G2,1.133
BL21,Δ7,JOE6969,1.25 ng/mL,6-Sep,14:59,G3,1.011
BL21,wt,JOE2354,0 ng/mL,6-Sep,14:59,H2,1.14
BL21,Δ7,JOE6969,0 ng/mL,6-Sep,14:59,H3,1.105
BL21,wt,JOE2354,5 ng/mL,20-Sep,14:59,F2,0.213
BL21,Δ7,JOE6969,5 ng/mL,20-Sep,14:59,F3,0.106
BL21,wt,JOE2354,2.5 ng/mL,20-Sep,14:59,G2,1.055
BL21,Δ7,JOE6969,2.5 ng/mL,20-Sep,14:59,G3,0.246
BL21,wt,JOE2354,0 ng/mL,20-Sep,14:59,H2,1.239
BL21,Δ7,JOE6969,0 ng/mL,20-Sep,14:59,H3,1.13
BL21,wt,JOE2354,5 ng/mL,25-Aug,15:29,F2,0.262
BL21,Δ7,JOE6969,5 ng/mL,25-Aug,15:29,F3,0.115
BL21,wt,JOE2354,2.5 ng/mL,25-Aug,15:29,G2,1.08
BL21,Δ7,JOE6969,2.5 ng/mL,25-Aug,15:29,G3,0.497
BL21,wt,JOE2354,0 ng/mL,25-Aug,15:29,H2,1.179
BL21,Δ7,JOE6969,0 ng/mL,25-Aug,15:29,H3,1.065
BL21,wt,JOE2354,5 ng/mL,1-Sep,15:29,E2,0.171
BL21,Δ7,JOE6969,5 ng/mL,1-Sep,15:29,E3,0.111
BL21,wt,JOE2354,2.5 ng/mL,1-Sep,15:29,F2,1.049
BL21,Δ7,JOE6969,2.5 ng/mL,1-Sep,15:29,F3,0.353
BL21,wt,JOE2354,1.25 ng/mL,1-Sep,15:29,G2,1.123
BL21,Δ7,JOE6969,1.25 ng/mL,1-Sep,15:29,G3,0.911
BL21,wt,JOE2354,0 ng/mL,1-Sep,15:29,H2,1.119
BL21,Δ7,JOE6969,0 ng/mL,1-Sep,15:29,H3,1.065
BL21,wt,JOE2354,5 ng/mL,6-Sep,15:29,E2,0.489
BL21,Δ7,JOE6969,5 ng/mL,6-Sep,15:29,E3,0.102
BL21,wt,JOE2354,2.5 ng/mL,6-Sep,15:29,F2,1.115
BL21,Δ7,JOE6969,2.5 ng/mL,6-Sep,15:29,F3,0.696
BL21,wt,JOE2354,1.25 ng/mL,6-Sep,15:29,G2,1.138
BL21,Δ7,JOE6969,1.25 ng/mL,6-Sep,15:29,G3,1.018
BL21,wt,JOE2354,0 ng/mL,6-Sep,15:29,H2,1.142
BL21,Δ7,JOE6969,0 ng/mL,6-Sep,15:29,H3,1.107
BL21,wt,JOE2354,5 ng/mL,20-Sep,15:29,F2,0.243
BL21,Δ7,JOE6969,5 ng/mL,20-Sep,15:29,F3,0.106
BL21,wt,JOE2354,2.5 ng/mL,20-Sep,15:29,G2,1.059
BL21,Δ7,JOE6969,2.5 ng/mL,20-Sep,15:29,G3,0.252
BL21,wt,JOE2354,0 ng/mL,20-Sep,15:29,H2,1.244
BL21,Δ7,JOE6969,0 ng/mL,20-Sep,15:29,H3,1.138
BL21,wt,JOE2354,5 ng/mL,25-Aug,15:59,F2,0.252
BL21,Δ7,JOE6969,5 ng/mL,25-Aug,15:59,F3,0.114
BL21,wt,JOE2354,2.5 ng/mL,25-Aug,15:59,G2,1.088
BL21,Δ7,JOE6969,2.5 ng/mL,25-Aug,15:59,G3,0.51
BL21,wt,JOE2354,0 ng/mL,25-Aug,15:59,H2,1.184
BL21,Δ7,JOE6969,0 ng/mL,25-Aug,15:59,H3,1.076
BL21,wt,JOE2354,5 ng/mL,1-Sep,15:59,E2,0.168
BL21,Δ7,JOE6969,5 ng/mL,1-Sep,15:59,E3,0.111
BL21,wt,JOE2354,2.5 ng/mL,1-Sep,15:59,F2,1.067
BL21,Δ7,JOE6969,2.5 ng/mL,1-Sep,15:59,F3,0.364
BL21,wt,JOE2354,1.25 ng/mL,1-Sep,15:59,G2,1.124
BL21,Δ7,JOE6969,1.25 ng/mL,1-Sep,15:59,G3,0.923
BL21,wt,JOE2354,0 ng/mL,1-Sep,15:59,H2,1.12
BL21,Δ7,JOE6969,0 ng/mL,1-Sep,15:59,H3,1.069
BL21,wt,JOE2354,5 ng/mL,6-Sep,15:59,E2,0.495
BL21,Δ7,JOE6969,5 ng/mL,6-Sep,15:59,E3,0.102
BL21,wt,JOE2354,2.5 ng/mL,6-Sep,15:59,F2,1.122
BL21,Δ7,JOE6969,2.5 ng/mL,6-Sep,15:59,F3,0.711
BL21,wt,JOE2354,1.25 ng/mL,6-Sep,15:59,G2,1.14
BL21,Δ7,JOE6969,1.25 ng/mL,6-Sep,15:59,G3,1.025
BL21,wt,JOE2354,0 ng/mL,6-Sep,15:59,H2,1.145
BL21,Δ7,JOE6969,0 ng/mL,6-Sep,15:59,H3,1.111
BL21,wt,JOE2354,5 ng/mL,20-Sep,15:59,F2,0.268
BL21,Δ7,JOE6969,5 ng/mL,20-Sep,15:59,F3,0.106
BL21,wt,JOE2354,2.5 ng/mL,20-Sep,15:59,G2,1.065
BL21,Δ7,JOE6969,2.5 ng/mL,20-Sep,15:59,G3,0.241
BL21,wt,JOE2354,0 ng/mL,20-Sep,15:59,H2,1.246
BL21,Δ7,JOE6969,0 ng/mL,20-Sep,15:59,H3,1.144
BL21,wt,JOE2354,5 ng/mL,25-Aug,16:29,F2,0.247
BL21,Δ7,JOE6969,5 ng/mL,25-Aug,16:29,F3,0.116
BL21,wt,JOE2354,2.5 ng/mL,25-Aug,16:29,G2,1.097
BL21,Δ7,JOE6969,2.5 ng/mL,25-Aug,16:29,G3,0.52
BL21,wt,JOE2354,0 ng/mL,25-Aug,16:29,H2,1.191
BL21,Δ7,JOE6969,0 ng/mL,25-Aug,16:29,H3,1.082
BL21,wt,JOE2354,5 ng/mL,1-Sep,16:29,E2,0.164
BL21,Δ7,JOE6969,5 ng/mL,1-Sep,16:29,E3,0.111
BL21,wt,JOE2354,2.5 ng/mL,1-Sep,16:29,F2,1.055
BL21,Δ7,JOE6969,2.5 ng/mL,1-Sep,16:29,F3,0.379
BL21,wt,JOE2354,1.25 ng/mL,1-Sep,16:29,G2,1.127
BL21,Δ7,JOE6969,1.25 ng/mL,1-Sep,16:29,G3,0.936
BL21,wt,JOE2354,0 ng/mL,1-Sep,16:29,H2,1.125
BL21,Δ7,JOE6969,0 ng/mL,1-Sep,16:29,H3,1.073
BL21,wt,JOE2354,5 ng/mL,6-Sep,16:29,E2,0.497
BL21,Δ7,JOE6969,5 ng/mL,6-Sep,16:29,E3,0.102
BL21,wt,JOE2354,2.5 ng/mL,6-Sep,16:29,F2,1.123
BL21,Δ7,JOE6969,2.5 ng/mL,6-Sep,16:29,F3,0.721
BL21,wt,JOE2354,1.25 ng/mL,6-Sep,16:29,G2,1.143
BL21,Δ7,JOE6969,1.25 ng/mL,6-Sep,16:29,G3,1.031
BL21,wt,JOE2354,0 ng/mL,6-Sep,16:29,H2,1.149
BL21,Δ7,JOE6969,0 ng/mL,6-Sep,16:29,H3,1.112
BL21,wt,JOE2354,5 ng/mL,20-Sep,16:29,F2,0.302
BL21,Δ7,JOE6969,5 ng/mL,20-Sep,16:29,F3,0.106
BL21,wt,JOE2354,2.5 ng/mL,20-Sep,16:29,G2,1.069
BL21,Δ7,JOE6969,2.5 ng/mL,20-Sep,16:29,G3,0.246
BL21,wt,JOE2354,0 ng/mL,20-Sep,16:29,H2,1.252
BL21,Δ7,JOE6969,0 ng/mL,20-Sep,16:29,H3,1.148
BL21,wt,JOE2354,5 ng/mL,25-Aug,16:59,F2,0.24
BL21,Δ7,JOE6969,5 ng/mL,25-Aug,16:59,F3,0.116
BL21,wt,JOE2354,2.5 ng/mL,25-Aug,16:59,G2,1.095
BL21,Δ7,JOE6969,2.5 ng/mL,25-Aug,16:59,G3,0.537
BL21,wt,JOE2354,0 ng/mL,25-Aug,16:59,H2,1.196
BL21,Δ7,JOE6969,0 ng/mL,25-Aug,16:59,H3,1.091
BL21,wt,JOE2354,5 ng/mL,1-Sep,16:59,E2,0.16
BL21,Δ7,JOE6969,5 ng/mL,1-Sep,16:59,E3,0.111
BL21,wt,JOE2354,2.5 ng/mL,1-Sep,16:59,F2,1.071
BL21,Δ7,JOE6969,2.5 ng/mL,1-Sep,16:59,F3,0.384
BL21,wt,JOE2354,1.25 ng/mL,1-Sep,16:59,G2,1.129
BL21,Δ7,JOE6969,1.25 ng/mL,1-Sep,16:59,G3,0.936
BL21,wt,JOE2354,0 ng/mL,1-Sep,16:59,H2,1.127
BL21,Δ7,JOE6969,0 ng/mL,1-Sep,16:59,H3,1.074
BL21,wt,JOE2354,5 ng/mL,6-Sep,16:59,E2,0.5
BL21,Δ7,JOE6969,5 ng/mL,6-Sep,16:59,E3,0.103
BL21,wt,JOE2354,2.5 ng/mL,6-Sep,16:59,F2,1.127
BL21,Δ7,JOE6969,2.5 ng/mL,6-Sep,16:59,F3,0.732
BL21,wt,JOE2354,1.25 ng/mL,6-Sep,16:59,G2,1.146
BL21,Δ7,JOE6969,1.25 ng/mL,6-Sep,16:59,G3,1.034
BL21,wt,JOE2354,0 ng/mL,6-Sep,16:59,H2,1.151
BL21,Δ7,JOE6969,0 ng/mL,6-Sep,16:59,H3,1.114
BL21,wt,JOE2354,5 ng/mL,20-Sep,16:59,F2,0.328
BL21,Δ7,JOE6969,5 ng/mL,20-Sep,16:59,F3,0.107
BL21,wt,JOE2354,2.5 ng/mL,20-Sep,16:59,G2,1.082
BL21,Δ7,JOE6969,2.5 ng/mL,20-Sep,16:59,G3,0.247
BL21,wt,JOE2354,0 ng/mL,20-Sep,16:59,H2,1.254
BL21,Δ7,JOE6969,0 ng/mL,20-Sep,16:59,H3,1.153
BL21,wt,JOE2354,5 ng/mL,25-Aug,17:29,F2,0.236
BL21,Δ7,JOE6969,5 ng/mL,25-Aug,17:29,F3,0.116
BL21,wt,JOE2354,2.5 ng/mL,25-Aug,17:29,G2,1.101
BL21,Δ7,JOE6969,2.5 ng/mL,25-Aug,17:29,G3,0.545
BL21,wt,JOE2354,0 ng/mL,25-Aug,17:29,H2,1.201
BL21,Δ7,JOE6969,0 ng/mL,25-Aug,17:29,H3,1.095
BL21,wt,JOE2354,5 ng/mL,1-Sep,17:29,E2,0.159
BL21,Δ7,JOE6969,5 ng/mL,1-Sep,17:29,E3,0.112
BL21,wt,JOE2354,2.5 ng/mL,1-Sep,17:29,F2,1.073
BL21,Δ7,JOE6969,2.5 ng/mL,1-Sep,17:29,F3,0.392
BL21,wt,JOE2354,1.25 ng/mL,1-Sep,17:29,G2,1.134
BL21,Δ7,JOE6969,1.25 ng/mL,1-Sep,17:29,G3,0.948
BL21,wt,JOE2354,0 ng/mL,1-Sep,17:29,H2,1.128
BL21,Δ7,JOE6969,0 ng/mL,1-Sep,17:29,H3,1.075
BL21,wt,JOE2354,5 ng/mL,6-Sep,17:29,E2,0.506
BL21,Δ7,JOE6969,5 ng/mL,6-Sep,17:29,E3,0.103
BL21,wt,JOE2354,2.5 ng/mL,6-Sep,17:29,F2,1.129
BL21,Δ7,JOE6969,2.5 ng/mL,6-Sep,17:29,F3,0.74
BL21,wt,JOE2354,1.25 ng/mL,6-Sep,17:29,G2,1.15
BL21,Δ7,JOE6969,1.25 ng/mL,6-Sep,17:29,G3,1.038
BL21,wt,JOE2354,0 ng/mL,6-Sep,17:29,H2,1.155
BL21,Δ7,JOE6969,0 ng/mL,6-Sep,17:29,H3,1.114
BL21,wt,JOE2354,5 ng/mL,20-Sep,17:29,F2,0.339
BL21,Δ7,JOE6969,5 ng/mL,20-Sep,17:29,F3,0.106
BL21,wt,JOE2354,2.5 ng/mL,20-Sep,17:29,G2,1.084
BL21,Δ7,JOE6969,2.5 ng/mL,20-Sep,17:29,G3,0.247
BL21,wt,JOE2354,0 ng/mL,20-Sep,17:29,H2,1.255
BL21,Δ7,JOE6969,0 ng/mL,20-Sep,17:29,H3,1.157
BL21,wt,JOE2354,5 ng/mL,25-Aug,17:59,F2,0.228
BL21,Δ7,JOE6969,5 ng/mL,25-Aug,17:59,F3,0.117
BL21,wt,JOE2354,2.5 ng/mL,25-Aug,17:59,G2,1.106
BL21,Δ7,JOE6969,2.5 ng/mL,25-Aug,17:59,G3,0.558
BL21,wt,JOE2354,0 ng/mL,25-Aug,17:59,H2,1.205
BL21,Δ7,JOE6969,0 ng/mL,25-Aug,17:59,H3,1.101
BL21,wt,JOE2354,5 ng/mL,1-Sep,17:59,E2,0.159
BL21,Δ7,JOE6969,5 ng/mL,1-Sep,17:59,E3,0.112
BL21,wt,JOE2354,2.5 ng/mL,1-Sep,17:59,F2,1.073
BL21,Δ7,JOE6969,2.5 ng/mL,1-Sep,17:59,F3,0.397
BL21,wt,JOE2354,1.25 ng/mL,1-Sep,17:59,G2,1.135
BL21,Δ7,JOE6969,1.25 ng/mL,1-Sep,17:59,G3,0.948
BL21,wt,JOE2354,0 ng/mL,1-Sep,17:59,H2,1.131
BL21,Δ7,JOE6969,0 ng/mL,1-Sep,17:59,H3,1.075
BL21,wt,JOE2354,5 ng/mL,6-Sep,17:59,E2,0.503
BL21,Δ7,JOE6969,5 ng/mL,6-Sep,17:59,E3,0.103
BL21,wt,JOE2354,2.5 ng/mL,6-Sep,17:59,F2,1.134
BL21,Δ7,JOE6969,2.5 ng/mL,6-Sep,17:59,F3,0.758
BL21,wt,JOE2354,1.25 ng/mL,6-Sep,17:59,G2,1.152
BL21,Δ7,JOE6969,1.25 ng/mL,6-Sep,17:59,G3,1.04
BL21,wt,JOE2354,0 ng/mL,6-Sep,17:59,H2,1.158
BL21,Δ7,JOE6969,0 ng/mL,6-Sep,17:59,H3,1.116
BL21,wt,JOE2354,5 ng/mL,20-Sep,17:59,F2,0.34
BL21,Δ7,JOE6969,5 ng/mL,20-Sep,17:59,F3,0.107
BL21,wt,JOE2354,2.5 ng/mL,20-Sep,17:59,G2,1.086
BL21,Δ7,JOE6969,2.5 ng/mL,20-Sep,17:59,G3,0.251
BL21,wt,JOE2354,0 ng/mL,20-Sep,17:59,H2,1.271
BL21,Δ7,JOE6969,0 ng/mL,20-Sep,17:59,H3,1.161
BL21,wt,JOE2354,5 ng/mL,25-Aug,18:29,F2,0.223
BL21,Δ7,JOE6969,5 ng/mL,25-Aug,18:29,F3,0.117
BL21,wt,JOE2354,2.5 ng/mL,25-Aug,18:29,G2,1.107
BL21,Δ7,JOE6969,2.5 ng/mL,25-Aug,18:29,G3,0.562
BL21,wt,JOE2354,0 ng/mL,25-Aug,18:29,H2,1.21
BL21,Δ7,JOE6969,0 ng/mL,25-Aug,18:29,H3,1.105
BL21,wt,JOE2354,5 ng/mL,1-Sep,18:29,E2,0.16
BL21,Δ7,JOE6969,5 ng/mL,1-Sep,18:29,E3,0.112
BL21,wt,JOE2354,2.5 ng/mL,1-Sep,18:29,F2,1.062
BL21,Δ7,JOE6969,2.5 ng/mL,1-Sep,18:29,F3,0.404
BL21,wt,JOE2354,1.25 ng/mL,1-Sep,18:29,G2,1.136
BL21,Δ7,JOE6969,1.25 ng/mL,1-Sep,18:29,G3,0.95
BL21,wt,JOE2354,0 ng/mL,1-Sep,18:29,H2,1.133
BL21,Δ7,JOE6969,0 ng/mL,1-Sep,18:29,H3,1.074
BL21,wt,JOE2354,5 ng/mL,6-Sep,18:29,E2,0.509
BL21,Δ7,JOE6969,5 ng/mL,6-Sep,18:29,E3,0.103
BL21,wt,JOE2354,2.5 ng/mL,6-Sep,18:29,F2,1.136
BL21,Δ7,JOE6969,2.5 ng/mL,6-Sep,18:29,F3,0.768
BL21,wt,JOE2354,1.25 ng/mL,6-Sep,18:29,G2,1.154
BL21,Δ7,JOE6969,1.25 ng/mL,6-Sep,18:29,G3,1.041
BL21,wt,JOE2354,0 ng/mL,6-Sep,18:29,H2,1.16
BL21,Δ7,JOE6969,0 ng/mL,6-Sep,18:29,H3,1.113
BL21,wt,JOE2354,5 ng/mL,20-Sep,18:29,F2,0.338
BL21,Δ7,JOE6969,5 ng/mL,20-Sep,18:29,F3,0.107
BL21,wt,JOE2354,2.5 ng/mL,20-Sep,18:29,G2,1.078
BL21,Δ7,JOE6969,2.5 ng/mL,20-Sep,18:29,G3,0.256
BL21,wt,JOE2354,0 ng/mL,20-Sep,18:29,H2,1.283
BL21,Δ7,JOE6969,0 ng/mL,20-Sep,18:29,H3,1.162
BL21,wt,JOE2354,5 ng/mL,25-Aug,18:59,F2,0.22
BL21,Δ7,JOE6969,5 ng/mL,25-Aug,18:59,F3,0.117
BL21,wt,JOE2354,2.5 ng/mL,25-Aug,18:59,G2,1.115
BL21,Δ7,JOE6969,2.5 ng/mL,25-Aug,18:59,G3,0.575
BL21,wt,JOE2354,0 ng/mL,25-Aug,18:59,H2,1.216
BL21,Δ7,JOE6969,0 ng/mL,25-Aug,18:59,H3,1.11
BL21,wt,JOE2354,5 ng/mL,1-Sep,18:59,E2,0.162
BL21,Δ7,JOE6969,5 ng/mL,1-Sep,18:59,E3,0.112
BL21,wt,JOE2354,2.5 ng/mL,1-Sep,18:59,F2,1.065
BL21,Δ7,JOE6969,2.5 ng/mL,1-Sep,18:59,F3,0.41
BL21,wt,JOE2354,1.25 ng/mL,1-Sep,18:59,G2,1.137
BL21,Δ7,JOE6969,1.25 ng/mL,1-Sep,18:59,G3,0.954
BL21,wt,JOE2354,0 ng/mL,1-Sep,18:59,H2,1.135
BL21,Δ7,JOE6969,0 ng/mL,1-Sep,18:59,H3,1.074
BL21,wt,JOE2354,5 ng/mL,6-Sep,18:59,E2,0.517
BL21,Δ7,JOE6969,5 ng/mL,6-Sep,18:59,E3,0.104
BL21,wt,JOE2354,2.5 ng/mL,6-Sep,18:59,F2,1.137
BL21,Δ7,JOE6969,2.5 ng/mL,6-Sep,18:59,F3,0.771
BL21,wt,JOE2354,1.25 ng/mL,6-Sep,18:59,G2,1.155
BL21,Δ7,JOE6969,1.25 ng/mL,6-Sep,18:59,G3,1.041
BL21,wt,JOE2354,0 ng/mL,6-Sep,18:59,H2,1.161
BL21,Δ7,JOE6969,0 ng/mL,6-Sep,18:59,H3,1.113
BL21,wt,JOE2354,5 ng/mL,20-Sep,18:59,F2,0.342
BL21,Δ7,JOE6969,5 ng/mL,20-Sep,18:59,F3,0.107
BL21,wt,JOE2354,2.5 ng/mL,20-Sep,18:59,G2,1.085
BL21,Δ7,JOE6969,2.5 ng/mL,20-Sep,18:59,G3,0.263
BL21,wt,JOE2354,0 ng/mL,20-Sep,18:59,H2,1.287
BL21,Δ7,JOE6969,0 ng/mL,20-Sep,18:59,H3,1.163
BL21,wt,JOE2354,5 ng/mL,25-Aug,19:29,F2,0.216
BL21,Δ7,JOE6969,5 ng/mL,25-Aug,19:29,F3,0.118
BL21,wt,JOE2354,2.5 ng/mL,25-Aug,19:29,G2,1.114
BL21,Δ7,JOE6969,2.5 ng/mL,25-Aug,19:29,G3,0.59
BL21,wt,JOE2354,0 ng/mL,25-Aug,19:29,H2,1.22
BL21,Δ7,JOE6969,0 ng/mL,25-Aug,19:29,H3,1.115
BL21,wt,JOE2354,5 ng/mL,1-Sep,19:29,E2,0.167
BL21,Δ7,JOE6969,5 ng/mL,1-Sep,19:29,E3,0.113
BL21,wt,JOE2354,2.5 ng/mL,1-Sep,19:29,F2,1.063
BL21,Δ7,JOE6969,2.5 ng/mL,1-Sep,19:29,F3,0.415
BL21,wt,JOE2354,1.25 ng/mL,1-Sep,19:29,G2,1.141
BL21,Δ7,JOE6969,1.25 ng/mL,1-Sep,19:29,G3,0.957
BL21,wt,JOE2354,0 ng/mL,1-Sep,19:29,H2,1.137
BL21,Δ7,JOE6969,0 ng/mL,1-Sep,19:29,H3,1.074
BL21,wt,JOE2354,5 ng/mL,6-Sep,19:29,E2,0.512
BL21,Δ7,JOE6969,5 ng/mL,6-Sep,19:29,E3,0.105
BL21,wt,JOE2354,2.5 ng/mL,6-Sep,19:29,F2,1.136
BL21,Δ7,JOE6969,2.5 ng/mL,6-Sep,19:29,F3,0.777
BL21,wt,JOE2354,1.25 ng/mL,6-Sep,19:29,G2,1.157
BL21,Δ7,JOE6969,1.25 ng/mL,6-Sep,19:29,G3,1.039
BL21,wt,JOE2354,0 ng/mL,6-Sep,19:29,H2,1.164
BL21,Δ7,JOE6969,0 ng/mL,6-Sep,19:29,H3,1.113
BL21,wt,JOE2354,5 ng/mL,20-Sep,19:29,F2,0.352
BL21,Δ7,JOE6969,5 ng/mL,20-Sep,19:29,F3,0.107
BL21,wt,JOE2354,2.5 ng/mL,20-Sep,19:29,G2,1.089
BL21,Δ7,JOE6969,2.5 ng/mL,20-Sep,19:29,G3,0.268
BL21,wt,JOE2354,0 ng/mL,20-Sep,19:29,H2,1.287
BL21,Δ7,JOE6969,0 ng/mL,20-Sep,19:29,H3,1.177
BL21,wt,JOE2354,5 ng/mL,25-Aug,19:59,F2,0.212
BL21,Δ7,JOE6969,5 ng/mL,25-Aug,19:59,F3,0.118
BL21,wt,JOE2354,2.5 ng/mL,25-Aug,19:59,G2,1.12
BL21,Δ7,JOE6969,2.5 ng/mL,25-Aug,19:59,G3,0.6
BL21,wt,JOE2354,0 ng/mL,25-Aug,19:59,H2,1.223
BL21,Δ7,JOE6969,0 ng/mL,25-Aug,19:59,H3,1.122
BL21,wt,JOE2354,5 ng/mL,1-Sep,19:59,E2,0.173
BL21,Δ7,JOE6969,5 ng/mL,1-Sep,19:59,E3,0.113
BL21,wt,JOE2354,2.5 ng/mL,1-Sep,19:59,F2,1.063
BL21,Δ7,JOE6969,2.5 ng/mL,1-Sep,19:59,F3,0.419
BL21,wt,JOE2354,1.25 ng/mL,1-Sep,19:59,G2,1.142
BL21,Δ7,JOE6969,1.25 ng/mL,1-Sep,19:59,G3,0.953
BL21,wt,JOE2354,0 ng/mL,1-Sep,19:59,H2,1.137
BL21,Δ7,JOE6969,0 ng/mL,1-Sep,19:59,H3,1.075
BL21,wt,JOE2354,5 ng/mL,6-Sep,19:59,E2,0.522
BL21,Δ7,JOE6969,5 ng/mL,6-Sep,19:59,E3,0.105
BL21,wt,JOE2354,2.5 ng/mL,6-Sep,19:59,F2,1.138
BL21,Δ7,JOE6969,2.5 ng/mL,6-Sep,19:59,F3,0.789
BL21,wt,JOE2354,1.25 ng/mL,6-Sep,19:59,G2,1.159
BL21,Δ7,JOE6969,1.25 ng/mL,6-Sep,19:59,G3,1.041
BL21,wt,JOE2354,0 ng/mL,6-Sep,19:59,H2,1.165
BL21,Δ7,JOE6969,0 ng/mL,6-Sep,19:59,H3,1.109
BL21,wt,JOE2354,5 ng/mL,20-Sep,19:59,F2,0.365
BL21,Δ7,JOE6969,5 ng/mL,20-Sep,19:59,F3,0.108
BL21,wt,JOE2354,2.5 ng/mL,20-Sep,19:59,G2,1.092
BL21,Δ7,JOE6969,2.5 ng/mL,20-Sep,19:59,G3,0.275
BL21,wt,JOE2354,0 ng/mL,20-Sep,19:59,H2,1.288
BL21,Δ7,JOE6969,0 ng/mL,20-Sep,19:59,H3,1.177
BL21,wt,JOE2354,5 ng/mL,25-Aug,20:29,F2,0.21
BL21,Δ7,JOE6969,5 ng/mL,25-Aug,20:29,F3,0.119
BL21,wt,JOE2354,2.5 ng/mL,25-Aug,20:29,G2,1.126
BL21,Δ7,JOE6969,2.5 ng/mL,25-Aug,20:29,G3,0.615
BL21,wt,JOE2354,0 ng/mL,25-Aug,20:29,H2,1.224
BL21,Δ7,JOE6969,0 ng/mL,25-Aug,20:29,H3,1.122
BL21,wt,JOE2354,5 ng/mL,1-Sep,20:29,E2,0.18
BL21,Δ7,JOE6969,5 ng/mL,1-Sep,20:29,E3,0.113
BL21,wt,JOE2354,2.5 ng/mL,1-Sep,20:29,F2,1.06
BL21,Δ7,JOE6969,2.5 ng/mL,1-Sep,20:29,F3,0.426
BL21,wt,JOE2354,1.25 ng/mL,1-Sep,20:29,G2,1.143
BL21,Δ7,JOE6969,1.25 ng/mL,1-Sep,20:29,G3,0.955
BL21,wt,JOE2354,0 ng/mL,1-Sep,20:29,H2,1.139
BL21,Δ7,JOE6969,0 ng/mL,1-Sep,20:29,H3,1.077
BL21,wt,JOE2354,5 ng/mL,6-Sep,20:29,E2,0.523
BL21,Δ7,JOE6969,5 ng/mL,6-Sep,20:29,E3,0.106
BL21,wt,JOE2354,2.5 ng/mL,6-Sep,20:29,F2,1.138
BL21,Δ7,JOE6969,2.5 ng/mL,6-Sep,20:29,F3,0.799
BL21,wt,JOE2354,1.25 ng/mL,6-Sep,20:29,G2,1.159
BL21,Δ7,JOE6969,1.25 ng/mL,6-Sep,20:29,G3,1.037
BL21,wt,JOE2354,0 ng/mL,6-Sep,20:29,H2,1.168
BL21,Δ7,JOE6969,0 ng/mL,6-Sep,20:29,H3,1.116
BL21,wt,JOE2354,5 ng/mL,20-Sep,20:29,F2,0.387
BL21,Δ7,JOE6969,5 ng/mL,20-Sep,20:29,F3,0.107
BL21,wt,JOE2354,2.5 ng/mL,20-Sep,20:29,G2,1.093
BL21,Δ7,JOE6969,2.5 ng/mL,20-Sep,20:29,G3,0.284
BL21,wt,JOE2354,0 ng/mL,20-Sep,20:29,H2,1.286
BL21,Δ7,JOE6969,0 ng/mL,20-Sep,20:29,H3,1.174
BL21,wt,JOE2354,5 ng/mL,25-Aug,20:59,F2,0.208
BL21,Δ7,JOE6969,5 ng/mL,25-Aug,20:59,F3,0.12
BL21,wt,JOE2354,2.5 ng/mL,25-Aug,20:59,G2,1.128
BL21,Δ7,JOE6969,2.5 ng/mL,25-Aug,20:59,G3,0.626
BL21,wt,JOE2354,0 ng/mL,25-Aug,20:59,H2,1.228
BL21,Δ7,JOE6969,0 ng/mL,25-Aug,20:59,H3,1.123
BL21,wt,JOE2354,5 ng/mL,1-Sep,20:59,E2,0.187
BL21,Δ7,JOE6969,5 ng/mL,1-Sep,20:59,E3,0.112
BL21,wt,JOE2354,2.5 ng/mL,1-Sep,20:59,F2,1.063
BL21,Δ7,JOE6969,2.5 ng/mL,1-Sep,20:59,F3,0.43
BL21,wt,JOE2354,1.25 ng/mL,1-Sep,20:59,G2,1.145
BL21,Δ7,JOE6969,1.25 ng/mL,1-Sep,20:59,G3,0.956
BL21,wt,JOE2354,0 ng/mL,1-Sep,20:59,H2,1.141
BL21,Δ7,JOE6969,0 ng/mL,1-Sep,20:59,H3,1.079
BL21,wt,JOE2354,5 ng/mL,6-Sep,20:59,E2,0.521
BL21,Δ7,JOE6969,5 ng/mL,6-Sep,20:59,E3,0.107
BL21,wt,JOE2354,2.5 ng/mL,6-Sep,20:59,F2,1.138
BL21,Δ7,JOE6969,2.5 ng/mL,6-Sep,20:59,F3,0.797
BL21,wt,JOE2354,1.25 ng/mL,6-Sep,20:59,G2,1.163
BL21,Δ7,JOE6969,1.25 ng/mL,6-Sep,20:59,G3,1.04
BL21,wt,JOE2354,0 ng/mL,6-Sep,20:59,H2,1.169
BL21,Δ7,JOE6969,0 ng/mL,6-Sep,20:59,H3,1.115
BL21,wt,JOE2354,5 ng/mL,20-Sep,20:59,F2,0.417
BL21,Δ7,JOE6969,5 ng/mL,20-Sep,20:59,F3,0.108
BL21,wt,JOE2354,2.5 ng/mL,20-Sep,20:59,G2,1.101
BL21,Δ7,JOE6969,2.5 ng/mL,20-Sep,20:59,G3,0.296
BL21,wt,JOE2354,0 ng/mL,20-Sep,20:59,H2,1.287
BL21,Δ7,JOE6969,0 ng/mL,20-Sep,20:59,H3,1.171
BL21,wt,JOE2354,5 ng/mL,25-Aug,21:29,F2,0.205
BL21,Δ7,JOE6969,5 ng/mL,25-Aug,21:29,F3,0.12
BL21,wt,JOE2354,2.5 ng/mL,25-Aug,21:29,G2,1.125
BL21,Δ7,JOE6969,2.5 ng/mL,25-Aug,21:29,G3,0.636
BL21,wt,JOE2354,0 ng/mL,25-Aug,21:29,H2,1.234
BL21,Δ7,JOE6969,0 ng/mL,25-Aug,21:29,H3,1.12
BL21,wt,JOE2354,5 ng/mL,1-Sep,21:29,E2,0.196
BL21,Δ7,JOE6969,5 ng/mL,1-Sep,21:29,E3,0.113
BL21,wt,JOE2354,2.5 ng/mL,1-Sep,21:29,F2,1.061
BL21,Δ7,JOE6969,2.5 ng/mL,1-Sep,21:29,F3,0.434
BL21,wt,JOE2354,1.25 ng/mL,1-Sep,21:29,G2,1.147
BL21,Δ7,JOE6969,1.25 ng/mL,1-Sep,21:29,G3,0.957
BL21,wt,JOE2354,0 ng/mL,1-Sep,21:29,H2,1.14
BL21,Δ7,JOE6969,0 ng/mL,1-Sep,21:29,H3,1.073
BL21,wt,JOE2354,5 ng/mL,6-Sep,21:29,E2,0.534
BL21,Δ7,JOE6969,5 ng/mL,6-Sep,21:29,E3,0.107
BL21,wt,JOE2354,2.5 ng/mL,6-Sep,21:29,F2,1.139
BL21,Δ7,JOE6969,2.5 ng/mL,6-Sep,21:29,F3,0.8
BL21,wt,JOE2354,1.25 ng/mL,6-Sep,21:29,G2,1.163
BL21,Δ7,JOE6969,1.25 ng/mL,6-Sep,21:29,G3,1.029
BL21,wt,JOE2354,0 ng/mL,6-Sep,21:29,H2,1.171
BL21,Δ7,JOE6969,0 ng/mL,6-Sep,21:29,H3,1.113
BL21,wt,JOE2354,5 ng/mL,20-Sep,21:29,F2,0.436
BL21,Δ7,JOE6969,5 ng/mL,20-Sep,21:29,F3,0.107
BL21,wt,JOE2354,2.5 ng/mL,20-Sep,21:29,G2,1.099
BL21,Δ7,JOE6969,2.5 ng/mL,20-Sep,21:29,G3,0.308
BL21,wt,JOE2354,0 ng/mL,20-Sep,21:29,H2,1.286
BL21,Δ7,JOE6969,0 ng/mL,20-Sep,21:29,H3,1.169
BL21,wt,JOE2354,5 ng/mL,25-Aug,21:59,F2,0.205
BL21,Δ7,JOE6969,5 ng/mL,25-Aug,21:59,F3,0.121
BL21,wt,JOE2354,2.5 ng/mL,25-Aug,21:59,G2,1.128
BL21,Δ7,JOE6969,2.5 ng/mL,25-Aug,21:59,G3,0.645
BL21,wt,JOE2354,0 ng/mL,25-Aug,21:59,H2,1.239
BL21,Δ7,JOE6969,0 ng/mL,25-Aug,21:59,H3,1.119
BL21,wt,JOE2354,5 ng/mL,1-Sep,21:59,E2,0.206
BL21,Δ7,JOE6969,5 ng/mL,1-Sep,21:59,E3,0.113
BL21,wt,JOE2354,2.5 ng/mL,1-Sep,21:59,F2,1.063
BL21,Δ7,JOE6969,2.5 ng/mL,1-Sep,21:59,F3,0.44
BL21,wt,JOE2354,1.25 ng/mL,1-Sep,21:59,G2,1.148
BL21,Δ7,JOE6969,1.25 ng/mL,1-Sep,21:59,G3,0.956
BL21,wt,JOE2354,0 ng/mL,1-Sep,21:59,H2,1.141
BL21,Δ7,JOE6969,0 ng/mL,1-Sep,21:59,H3,1.07
BL21,wt,JOE2354,5 ng/mL,6-Sep,21:59,E2,0.531
BL21,Δ7,JOE6969,5 ng/mL,6-Sep,21:59,E3,0.108
BL21,wt,JOE2354,2.5 ng/mL,6-Sep,21:59,F2,1.14
BL21,Δ7,JOE6969,2.5 ng/mL,6-Sep,21:59,F3,0.81
BL21,wt,JOE2354,1.25 ng/mL,6-Sep,21:59,G2,1.165
BL21,Δ7,JOE6969,1.25 ng/mL,6-Sep,21:59,G3,1.033
BL21,wt,JOE2354,0 ng/mL,6-Sep,21:59,H2,1.172
BL21,Δ7,JOE6969,0 ng/mL,6-Sep,21:59,H3,1.108
BL21,wt,JOE2354,5 ng/mL,20-Sep,21:59,F2,0.462
BL21,Δ7,JOE6969,5 ng/mL,20-Sep,21:59,F3,0.108
BL21,wt,JOE2354,2.5 ng/mL,20-Sep,21:59,G2,1.109
BL21,Δ7,JOE6969,2.5 ng/mL,20-Sep,21:59,G3,0.321
BL21,wt,JOE2354,0 ng/mL,20-Sep,21:59,H2,1.284
BL21,Δ7,JOE6969,0 ng/mL,20-Sep,21:59,H3,1.165
BL21,wt,JOE2354,5 ng/mL,25-Aug,22:29,F2,0.204
BL21,Δ7,JOE6969,5 ng/mL,25-Aug,22:29,F3,0.122
BL21,wt,JOE2354,2.5 ng/mL,25-Aug,22:29,G2,1.131
BL21,Δ7,JOE6969,2.5 ng/mL,25-Aug,22:29,G3,0.651
BL21,wt,JOE2354,0 ng/mL,25-Aug,22:29,H2,1.244
BL21,Δ7,JOE6969,0 ng/mL,25-Aug,22:29,H3,1.119
BL21,wt,JOE2354,5 ng/mL,1-Sep,22:29,E2,0.217
BL21,Δ7,JOE6969,5 ng/mL,1-Sep,22:29,E3,0.113
BL21,wt,JOE2354,2.5 ng/mL,1-Sep,22:29,F2,1.064
BL21,Δ7,JOE6969,2.5 ng/mL,1-Sep,22:29,F3,0.448
BL21,wt,JOE2354,1.25 ng/mL,1-Sep,22:29,G2,1.149
BL21,Δ7,JOE6969,1.25 ng/mL,1-Sep,22:29,G3,0.959
BL21,wt,JOE2354,0 ng/mL,1-Sep,22:29,H2,1.144
BL21,Δ7,JOE6969,0 ng/mL,1-Sep,22:29,H3,1.068
BL21,wt,JOE2354,5 ng/mL,6-Sep,22:29,E2,0.536
BL21,Δ7,JOE6969,5 ng/mL,6-Sep,22:29,E3,0.109
BL21,wt,JOE2354,2.5 ng/mL,6-Sep,22:29,F2,1.138
BL21,Δ7,JOE6969,2.5 ng/mL,6-Sep,22:29,F3,0.812
BL21,wt,JOE2354,1.25 ng/mL,6-Sep,22:29,G2,1.165
BL21,Δ7,JOE6969,1.25 ng/mL,6-Sep,22:29,G3,1.029
BL21,wt,JOE2354,0 ng/mL,6-Sep,22:29,H2,1.175
BL21,Δ7,JOE6969,0 ng/mL,6-Sep,22:29,H3,1.104
BL21,wt,JOE2354,5 ng/mL,20-Sep,22:29,F2,0.491
BL21,Δ7,JOE6969,5 ng/mL,20-Sep,22:29,F3,0.108
BL21,wt,JOE2354,2.5 ng/mL,20-Sep,22:29,G2,1.109
BL21,Δ7,JOE6969,2.5 ng/mL,20-Sep,22:29,G3,0.339
BL21,wt,JOE2354,0 ng/mL,20-Sep,22:29,H2,1.284
BL21,Δ7,JOE6969,0 ng/mL,20-Sep,22:29,H3,1.16
BL21,wt,JOE2354,5 ng/mL,25-Aug,22:59,F2,0.205
BL21,Δ7,JOE6969,5 ng/mL,25-Aug,22:59,F3,0.122
BL21,wt,JOE2354,2.5 ng/mL,25-Aug,22:59,G2,1.13
BL21,Δ7,JOE6969,2.5 ng/mL,25-Aug,22:59,G3,0.666
BL21,wt,JOE2354,0 ng/mL,25-Aug,22:59,H2,1.245
BL21,Δ7,JOE6969,0 ng/mL,25-Aug,22:59,H3,1.119
BL21,wt,JOE2354,5 ng/mL,1-Sep,22:59,E2,0.231
BL21,Δ7,JOE6969,5 ng/mL,1-Sep,22:59,E3,0.113
BL21,wt,JOE2354,2.5 ng/mL,1-Sep,22:59,F2,1.069
BL21,Δ7,JOE6969,2.5 ng/mL,1-Sep,22:59,F3,0.453
BL21,wt,JOE2354,1.25 ng/mL,1-Sep,22:59,G2,1.151
BL21,Δ7,JOE6969,1.25 ng/mL,1-Sep,22:59,G3,0.955
BL21,wt,JOE2354,0 ng/mL,1-Sep,22:59,H2,1.144
BL21,Δ7,JOE6969,0 ng/mL,1-Sep,22:59,H3,1.066
BL21,wt,JOE2354,5 ng/mL,6-Sep,22:59,E2,0.541
BL21,Δ7,JOE6969,5 ng/mL,6-Sep,22:59,E3,0.11
BL21,wt,JOE2354,2.5 ng/mL,6-Sep,22:59,F2,1.138
BL21,Δ7,JOE6969,2.5 ng/mL,6-Sep,22:59,F3,0.814
BL21,wt,JOE2354,1.25 ng/mL,6-Sep,22:59,G2,1.168
BL21,Δ7,JOE6969,1.25 ng/mL,6-Sep,22:59,G3,1.028
BL21,wt,JOE2354,0 ng/mL,6-Sep,22:59,H2,1.182
BL21,Δ7,JOE6969,0 ng/mL,6-Sep,22:59,H3,1.098
BL21,wt,JOE2354,5 ng/mL,20-Sep,22:59,F2,0.523
BL21,Δ7,JOE6969,5 ng/mL,20-Sep,22:59,F3,0.108
BL21,wt,JOE2354,2.5 ng/mL,20-Sep,22:59,G2,1.111
BL21,Δ7,JOE6969,2.5 ng/mL,20-Sep,22:59,G3,0.353
BL21,wt,JOE2354,0 ng/mL,20-Sep,22:59,H2,1.282
BL21,Δ7,JOE6969,0 ng/mL,20-Sep,22:59,H3,1.157
BL21,wt,JOE2354,5 ng/mL,25-Aug,23:29,F2,0.205
BL21,Δ7,JOE6969,5 ng/mL,25-Aug,23:29,F3,0.124
BL21,wt,JOE2354,2.5 ng/mL,25-Aug,23:29,G2,1.135
BL21,Δ7,JOE6969,2.5 ng/mL,25-Aug,23:29,G3,0.673
BL21,wt,JOE2354,0 ng/mL,25-Aug,23:29,H2,1.249
BL21,Δ7,JOE6969,0 ng/mL,25-Aug,23:29,H3,1.117
BL21,wt,JOE2354,5 ng/mL,1-Sep,23:29,E2,0.244
BL21,Δ7,JOE6969,5 ng/mL,1-Sep,23:29,E3,0.113
BL21,wt,JOE2354,2.5 ng/mL,1-Sep,23:29,F2,1.056
BL21,Δ7,JOE6969,2.5 ng/mL,1-Sep,23:29,F3,0.459
BL21,wt,JOE2354,1.25 ng/mL,1-Sep,23:29,G2,1.15
BL21,Δ7,JOE6969,1.25 ng/mL,1-Sep,23:29,G3,0.959
BL21,wt,JOE2354,0 ng/mL,1-Sep,23:29,H2,1.144
BL21,Δ7,JOE6969,0 ng/mL,1-Sep,23:29,H3,1.06
BL21,wt,JOE2354,5 ng/mL,6-Sep,23:29,E2,0.538
BL21,Δ7,JOE6969,5 ng/mL,6-Sep,23:29,E3,0.111
BL21,wt,JOE2354,2.5 ng/mL,6-Sep,23:29,F2,1.138
BL21,Δ7,JOE6969,2.5 ng/mL,6-Sep,23:29,F3,0.81
BL21,wt,JOE2354,1.25 ng/mL,6-Sep,23:29,G2,1.169
BL21,Δ7,JOE6969,1.25 ng/mL,6-Sep,23:29,G3,1.03
BL21,wt,JOE2354,0 ng/mL,6-Sep,23:29,H2,1.186
BL21,Δ7,JOE6969,0 ng/mL,6-Sep,23:29,H3,1.093
BL21,wt,JOE2354,5 ng/mL,20-Sep,23:29,F2,0.559
BL21,Δ7,JOE6969,5 ng/mL,20-Sep,23:29,F3,0.108
BL21,wt,JOE2354,2.5 ng/mL,20-Sep,23:29,G2,1.107
BL21,Δ7,JOE6969,2.5 ng/mL,20-Sep,23:29,G3,0.367
BL21,wt,JOE2354,0 ng/mL,20-Sep,23:29,H2,1.282
BL21,Δ7,JOE6969,0 ng/mL,20-Sep,23:29,H3,1.151
BL21,wt,JOE2354,5 ng/mL,25-Aug,23:59,F2,0.207
BL21,Δ7,JOE6969,5 ng/mL,25-Aug,23:59,F3,0.125
BL21,wt,JOE2354,2.5 ng/mL,25-Aug,23:59,G2,1.136
BL21,Δ7,JOE6969,2.5 ng/mL,25-Aug,23:59,G3,0.683
BL21,wt,JOE2354,0 ng/mL,25-Aug,23:59,H2,1.248
BL21,Δ7,JOE6969,0 ng/mL,25-Aug,23:59,H3,1.112
BL21,wt,JOE2354,5 ng/mL,1-Sep,23:59,E2,0.259
BL21,Δ7,JOE6969,5 ng/mL,1-Sep,23:59,E3,0.113
BL21,wt,JOE2354,2.5 ng/mL,1-Sep,23:59,F2,1.056
BL21,Δ7,JOE6969,2.5 ng/mL,1-Sep,23:59,F3,0.464
BL21,wt,JOE2354,1.25 ng/mL,1-Sep,23:59,G2,1.15
BL21,Δ7,JOE6969,1.25 ng/mL,1-Sep,23:59,G3,0.956
BL21,wt,JOE2354,0 ng/mL,1-Sep,23:59,H2,1.147
BL21,Δ7,JOE6969,0 ng/mL,1-Sep,23:59,H3,1.055
BL21,wt,JOE2354,5 ng/mL,6-Sep,23:59,E2,0.538
BL21,Δ7,JOE6969,5 ng/mL,6-Sep,23:59,E3,0.113
BL21,wt,JOE2354,2.5 ng/mL,6-Sep,23:59,F2,1.139
BL21,Δ7,JOE6969,2.5 ng/mL,6-Sep,23:59,F3,0.819
BL21,wt,JOE2354,1.25 ng/mL,6-Sep,23:59,G2,1.173
BL21,Δ7,JOE6969,1.25 ng/mL,6-Sep,23:59,G3,1.029
BL21,wt,JOE2354,0 ng/mL,6-Sep,23:59,H2,1.187
BL21,Δ7,JOE6969,0 ng/mL,6-Sep,23:59,H3,1.087
BL21,wt,JOE2354,5 ng/mL,20-Sep,23:59,F2,0.596
BL21,Δ7,JOE6969,5 ng/mL,20-Sep,23:59,F3,0.108
BL21,wt,JOE2354,2.5 ng/mL,20-Sep,23:59,G2,1.114
BL21,Δ7,JOE6969,2.5 ng/mL,20-Sep,23:59,G3,0.382
BL21,wt,JOE2354,0 ng/mL,20-Sep,23:59,H2,1.28
BL21,Δ7,JOE6969,0 ng/mL,20-Sep,23:59,H3,1.146
