Strain,Mutations,Number/ID,Levo Conc.,Date Recorded,Time,Well Number,Well Reading
BL21,wt,JOE2354,2.5 ng/mL,17-Nov,0:00,C2,0.099
BL21,Δ7,JOE6969,2.5 ng/mL,17-Nov,0:00,C3,0.099
BL21,wt,JOE2354,1.25 ng/mL,44882,0:00,D2,0.098
BL21,Δ7,JOE6969,1.25 ng/mL,17-Nov,0:00,D3,0.1
BL21,wt,JOE2354,0.625 ng/mL,17-Nov,0:00,E2,0.099
BL21,Δ7,JOE6969,0.625 ng/mL,17-Nov,0:00,E3,0.1
BL21,wt,JOE2354,0.313 ng/mL,17-Nov,0:00,F2,0.099
BL21,Δ7,JOE6969,0.313 ng/mL,17-Nov,0:00,F3,0.1
BL21,wt,JOE2354,0.156 ng/mL,17-Nov,0:00,G2,0.099
BL21,Δ7,JOE6969,0.156 ng/mL,17-Nov,0:00,G3,0.099
BL21,wt,JOE2354,0 ng/mL,17-Nov,0:00,H2,0.096
BL21,Δ7,JOE6969,0 ng/mL,17-Nov,0:00,H3,0.097
BL21,wt,JOE2354,2.5 ng/mL,22-Nov,0:00,B2,0.1
BL21,Δ7,JOE6969,2.5 ng/mL,22-Nov,0:00,B3,0.095
BL21,wt,JOE2354,1.25 ng/mL,22-Nov,0:00,C2,0.098
BL21,Δ7,JOE6969,1.25 ng/mL,22-Nov,0:00,C3,0.097
BL21,wt,JOE2354,0.625 ng/mL,22-Nov,0:00,D2,0.096
BL21,Δ7,JOE6969,0.625 ng/mL,22-Nov,0:00,D3,0.1
BL21,wt,JOE2354,0.313 ng/mL,22-Nov,0:00,E2,0.096
BL21,Δ7,JOE6969,0.313 ng/mL,22-Nov,0:00,E3,0.099
BL21,wt,JOE2354,0.156 ng/mL,22-Nov,0:00,F2,0.098
BL21,Δ7,JOE6969,0.156 ng/mL,22-Nov,0:00,F3,0.097
BL21,wt,JOE2354,0.078 ng/mL,22-Nov,0:00,G2,0.094
BL21,Δ7,JOE6969,0.078 ng/mL,22-Nov,0:00,G3,0.094
BL21,wt,JOE2354,0 ng/mL,22-Nov,0:00,H2,0.096
BL21,Δ7,JOE6969,0 ng/mL,22-Nov,0:00,H3,0.097
BL21,wt,JOE2354,2.5 ng/mL,2-Dec,0:00,B2,0.099
BL21,Δ7,JOE6969,2.5 ng/mL,2-Dec,0:00,B3,0.097
BL21,wt,JOE2354,1.25 ng/mL,2-Dec,0:00,C2,0.096
BL21,Δ7,JOE6969,1.25 ng/mL,2-Dec,0:00,C3,0.097
BL21,wt,JOE2354,0.625 ng/mL,2-Dec,0:00,D2,0.096
BL21,Δ7,JOE6969,0.625 ng/mL,2-Dec,0:00,D3,0.097
BL21,wt,JOE2354,0.313 ng/mL,2-Dec,0:00,E2,0.096
BL21,Δ7,JOE6969,0.313 ng/mL,2-Dec,0:00,E3,0.097
BL21,wt,JOE2354,0.156 ng/mL,2-Dec,0:00,F2,0.098
BL21,Δ7,JOE6969,0.156 ng/mL,2-Dec,0:00,F3,0.097
BL21,wt,JOE2354,0.078 ng/mL,2-Dec,0:00,G2,0.096
BL21,Δ7,JOE6969,0.078 ng/mL,2-Dec,0:00,G3,0.098
BL21,wt,JOE2354,0 ng/mL,2-Dec,0:00,H2,0.094
BL21,Δ7,JOE6969,0 ng/mL,2-Dec,0:00,H3,0.098
BL21,wt,JOE2354,2.5 ng/mL,17-Nov,0:29,C2,0.1
BL21,Δ7,JOE6969,2.5 ng/mL,17-Nov,0:29,C3,0.099
BL21,wt,JOE2354,1.25 ng/mL,44882,0:29,D2,0.1
BL21,Δ7,JOE6969,1.25 ng/mL,17-Nov,0:29,D3,0.1
BL21,wt,JOE2354,0.625 ng/mL,17-Nov,0:29,E2,0.101
BL21,Δ7,JOE6969,0.625 ng/mL,17-Nov,0:29,E3,0.1
BL21,wt,JOE2354,0.313 ng/mL,17-Nov,0:29,F2,0.101
BL21,Δ7,JOE6969,0.313 ng/mL,17-Nov,0:29,F3,0.1
BL21,wt,JOE2354,0.156 ng/mL,17-Nov,0:29,G2,0.1
BL21,Δ7,JOE6969,0.156 ng/mL,17-Nov,0:29,G3,0.1
BL21,wt,JOE2354,0 ng/mL,17-Nov,0:29,H2,0.098
BL21,Δ7,JOE6969,0 ng/mL,17-Nov,0:29,H3,0.098
BL21,wt,JOE2354,2.5 ng/mL,22-Nov,0:29,B2,0.102
BL21,Δ7,JOE6969,2.5 ng/mL,22-Nov,0:29,B3,0.095
BL21,wt,JOE2354,1.25 ng/mL,22-Nov,0:29,C2,0.1
BL21,Δ7,JOE6969,1.25 ng/mL,22-Nov,0:29,C3,0.096
BL21,wt,JOE2354,0.625 ng/mL,22-Nov,0:29,D2,0.097
BL21,Δ7,JOE6969,0.625 ng/mL,22-Nov,0:29,D3,0.1
BL21,wt,JOE2354,0.313 ng/mL,22-Nov,0:29,E2,0.097
BL21,Δ7,JOE6969,0.313 ng/mL,22-Nov,0:29,E3,0.101
BL21,wt,JOE2354,0.156 ng/mL,22-Nov,0:29,F2,0.098
BL21,Δ7,JOE6969,0.156 ng/mL,22-Nov,0:29,F3,0.097
BL21,wt,JOE2354,0.078 ng/mL,22-Nov,0:29,G2,0.095
BL21,Δ7,JOE6969,0.078 ng/mL,22-Nov,0:29,G3,0.094
BL21,wt,JOE2354,0 ng/mL,22-Nov,0:29,H2,0.097
BL21,Δ7,JOE6969,0 ng/mL,22-Nov,0:29,H3,0.097
BL21,wt,JOE2354,2.5 ng/mL,2-Dec,0:29,B2,0.1
BL21,Δ7,JOE6969,2.5 ng/mL,2-Dec,0:29,B3,0.097
BL21,wt,JOE2354,1.25 ng/mL,2-Dec,0:29,C2,0.098
BL21,Δ7,JOE6969,1.25 ng/mL,2-Dec,0:29,C3,0.097
BL21,wt,JOE2354,0.625 ng/mL,2-Dec,0:29,D2,0.097
BL21,Δ7,JOE6969,0.625 ng/mL,2-Dec,0:29,D3,0.097
BL21,wt,JOE2354,0.313 ng/mL,2-Dec,0:29,E2,0.098
BL21,Δ7,JOE6969,0.313 ng/mL,2-Dec,0:29,E3,0.097
BL21,wt,JOE2354,0.156 ng/mL,2-Dec,0:29,F2,0.099
BL21,Δ7,JOE6969,0.156 ng/mL,2-Dec,0:29,F3,0.096
BL21,wt,JOE2354,0.078 ng/mL,2-Dec,0:29,G2,0.097
BL21,Δ7,JOE6969,0.078 ng/mL,2-Dec,0:29,G3,0.098
BL21,wt,JOE2354,0 ng/mL,2-Dec,0:29,H2,0.096
BL21,Δ7,JOE6969,0 ng/mL,2-Dec,0:29,H3,0.098
BL21,wt,JOE2354,2.5 ng/mL,17-Nov,0:59,C2,0.103
BL21,Δ7,JOE6969,2.5 ng/mL,17-Nov,0:59,C3,0.1
BL21,wt,JOE2354,1.25 ng/mL,44882,0:59,D2,0.102
BL21,Δ7,JOE6969,1.25 ng/mL,17-Nov,0:59,D3,0.101
BL21,wt,JOE2354,0.625 ng/mL,17-Nov,0:59,E2,0.103
BL21,Δ7,JOE6969,0.625 ng/mL,17-Nov,0:59,E3,0.101
BL21,wt,JOE2354,0.313 ng/mL,17-Nov,0:59,F2,0.103
BL21,Δ7,JOE6969,0.313 ng/mL,17-Nov,0:59,F3,0.101
BL21,wt,JOE2354,0.156 ng/mL,17-Nov,0:59,G2,0.103
BL21,Δ7,JOE6969,0.156 ng/mL,17-Nov,0:59,G3,0.1
BL21,wt,JOE2354,0 ng/mL,17-Nov,0:59,H2,0.101
BL21,Δ7,JOE6969,0 ng/mL,17-Nov,0:59,H3,0.099
BL21,wt,JOE2354,2.5 ng/mL,22-Nov,0:59,B2,0.104
BL21,Δ7,JOE6969,2.5 ng/mL,22-Nov,0:59,B3,0.096
BL21,wt,JOE2354,1.25 ng/mL,22-Nov,0:59,C2,0.101
BL21,Δ7,JOE6969,1.25 ng/mL,22-Nov,0:59,C3,0.097
BL21,wt,JOE2354,0.625 ng/mL,22-Nov,0:59,D2,0.099
BL21,Δ7,JOE6969,0.625 ng/mL,22-Nov,0:59,D3,0.1
BL21,wt,JOE2354,0.313 ng/mL,22-Nov,0:59,E2,0.1
BL21,Δ7,JOE6969,0.313 ng/mL,22-Nov,0:59,E3,0.102
BL21,wt,JOE2354,0.156 ng/mL,22-Nov,0:59,F2,0.099
BL21,Δ7,JOE6969,0.156 ng/mL,22-Nov,0:59,F3,0.097
BL21,wt,JOE2354,0.078 ng/mL,22-Nov,0:59,G2,0.097
BL21,Δ7,JOE6969,0.078 ng/mL,22-Nov,0:59,G3,0.095
BL21,wt,JOE2354,0 ng/mL,22-Nov,0:59,H2,0.099
BL21,Δ7,JOE6969,0 ng/mL,22-Nov,0:59,H3,0.098
BL21,wt,JOE2354,2.5 ng/mL,2-Dec,0:59,B2,0.102
BL21,Δ7,JOE6969,2.5 ng/mL,2-Dec,0:59,B3,0.098
BL21,wt,JOE2354,1.25 ng/mL,2-Dec,0:59,C2,0.1
BL21,Δ7,JOE6969,1.25 ng/mL,2-Dec,0:59,C3,0.098
BL21,wt,JOE2354,0.625 ng/mL,2-Dec,0:59,D2,0.1
BL21,Δ7,JOE6969,0.625 ng/mL,2-Dec,0:59,D3,0.098
BL21,wt,JOE2354,0.313 ng/mL,2-Dec,0:59,E2,0.1
BL21,Δ7,JOE6969,0.313 ng/mL,2-Dec,0:59,E3,0.098
BL21,wt,JOE2354,0.156 ng/mL,2-Dec,0:59,F2,0.101
BL21,Δ7,JOE6969,0.156 ng/mL,2-Dec,0:59,F3,0.097
BL21,wt,JOE2354,0.078 ng/mL,2-Dec,0:59,G2,0.099
BL21,Δ7,JOE6969,0.078 ng/mL,2-Dec,0:59,G3,0.098
BL21,wt,JOE2354,0 ng/mL,2-Dec,0:59,H2,0.098
BL21,Δ7,JOE6969,0 ng/mL,2-Dec,0:59,H3,0.099
BL21,wt,JOE2354,2.5 ng/mL,17-Nov,1:29,C2,0.108
BL21,Δ7,JOE6969,2.5 ng/mL,17-Nov,1:29,C3,0.101
BL21,wt,JOE2354,1.25 ng/mL,44882,1:29,D2,0.108
BL21,Δ7,JOE6969,1.25 ng/mL,17-Nov,1:29,D3,0.102
BL21,wt,JOE2354,0.625 ng/mL,17-Nov,1:29,E2,0.109
BL21,Δ7,JOE6969,0.625 ng/mL,17-Nov,1:29,E3,0.102
BL21,wt,JOE2354,0.313 ng/mL,17-Nov,1:29,F2,0.11
BL21,Δ7,JOE6969,0.313 ng/mL,17-Nov,1:29,F3,0.102
BL21,wt,JOE2354,0.156 ng/mL,17-Nov,1:29,G2,0.109
BL21,Δ7,JOE6969,0.156 ng/mL,17-Nov,1:29,G3,0.102
BL21,wt,JOE2354,0 ng/mL,17-Nov,1:29,H2,0.107
BL21,Δ7,JOE6969,0 ng/mL,17-Nov,1:29,H3,0.1
BL21,wt,JOE2354,2.5 ng/mL,22-Nov,1:29,B2,0.108
BL21,Δ7,JOE6969,2.5 ng/mL,22-Nov,1:29,B3,0.096
BL21,wt,JOE2354,1.25 ng/mL,22-Nov,1:29,C2,0.106
BL21,Δ7,JOE6969,1.25 ng/mL,22-Nov,1:29,C3,0.097
BL21,wt,JOE2354,0.625 ng/mL,22-Nov,1:29,D2,0.104
BL21,Δ7,JOE6969,0.625 ng/mL,22-Nov,1:29,D3,0.101
BL21,wt,JOE2354,0.313 ng/mL,22-Nov,1:29,E2,0.104
BL21,Δ7,JOE6969,0.313 ng/mL,22-Nov,1:29,E3,0.103
BL21,wt,JOE2354,0.156 ng/mL,22-Nov,1:29,F2,0.103
BL21,Δ7,JOE6969,0.156 ng/mL,22-Nov,1:29,F3,0.099
BL21,wt,JOE2354,0.078 ng/mL,22-Nov,1:29,G2,0.102
BL21,Δ7,JOE6969,0.078 ng/mL,22-Nov,1:29,G3,0.096
BL21,wt,JOE2354,0 ng/mL,22-Nov,1:29,H2,0.104
BL21,Δ7,JOE6969,0 ng/mL,22-Nov,1:29,H3,0.099
BL21,wt,JOE2354,2.5 ng/mL,2-Dec,1:29,B2,0.107
BL21,Δ7,JOE6969,2.5 ng/mL,2-Dec,1:29,B3,0.099
BL21,wt,JOE2354,1.25 ng/mL,2-Dec,1:29,C2,0.105
BL21,Δ7,JOE6969,1.25 ng/mL,2-Dec,1:29,C3,0.099
BL21,wt,JOE2354,0.625 ng/mL,2-Dec,1:29,D2,0.105
BL21,Δ7,JOE6969,0.625 ng/mL,2-Dec,1:29,D3,0.099
BL21,wt,JOE2354,0.313 ng/mL,2-Dec,1:29,E2,0.105
BL21,Δ7,JOE6969,0.313 ng/mL,2-Dec,1:29,E3,0.099
BL21,wt,JOE2354,0.156 ng/mL,2-Dec,1:29,F2,0.106
BL21,Δ7,JOE6969,0.156 ng/mL,2-Dec,1:29,F3,0.098
BL21,wt,JOE2354,0.078 ng/mL,2-Dec,1:29,G2,0.104
BL21,Δ7,JOE6969,0.078 ng/mL,2-Dec,1:29,G3,0.1
BL21,wt,JOE2354,0 ng/mL,2-Dec,1:29,H2,0.102
BL21,Δ7,JOE6969,0 ng/mL,2-Dec,1:29,H3,0.1
BL21,wt,JOE2354,2.5 ng/mL,17-Nov,1:59,C2,0.12
BL21,Δ7,JOE6969,2.5 ng/mL,17-Nov,1:59,C3,0.104
BL21,wt,JOE2354,1.25 ng/mL,44882,1:59,D2,0.12
BL21,Δ7,JOE6969,1.25 ng/mL,17-Nov,1:59,D3,0.104
BL21,wt,JOE2354,0.625 ng/mL,17-Nov,1:59,E2,0.12
BL21,Δ7,JOE6969,0.625 ng/mL,17-Nov,1:59,E3,0.104
BL21,wt,JOE2354,0.313 ng/mL,17-Nov,1:59,F2,0.121
BL21,Δ7,JOE6969,0.313 ng/mL,17-Nov,1:59,F3,0.104
BL21,wt,JOE2354,0.156 ng/mL,17-Nov,1:59,G2,0.12
BL21,Δ7,JOE6969,0.156 ng/mL,17-Nov,1:59,G3,0.104
BL21,wt,JOE2354,0 ng/mL,17-Nov,1:59,H2,0.117
BL21,Δ7,JOE6969,0 ng/mL,17-Nov,1:59,H3,0.102
BL21,wt,JOE2354,2.5 ng/mL,22-Nov,1:59,B2,0.117
BL21,Δ7,JOE6969,2.5 ng/mL,22-Nov,1:59,B3,0.098
BL21,wt,JOE2354,1.25 ng/mL,22-Nov,1:59,C2,0.114
BL21,Δ7,JOE6969,1.25 ng/mL,22-Nov,1:59,C3,0.1
BL21,wt,JOE2354,0.625 ng/mL,22-Nov,1:59,D2,0.112
BL21,Δ7,JOE6969,0.625 ng/mL,22-Nov,1:59,D3,0.103
BL21,wt,JOE2354,0.313 ng/mL,22-Nov,1:59,E2,0.114
BL21,Δ7,JOE6969,0.313 ng/mL,22-Nov,1:59,E3,0.104
BL21,wt,JOE2354,0.156 ng/mL,22-Nov,1:59,F2,0.111
BL21,Δ7,JOE6969,0.156 ng/mL,22-Nov,1:59,F3,0.1
BL21,wt,JOE2354,0.078 ng/mL,22-Nov,1:59,G2,0.11
BL21,Δ7,JOE6969,0.078 ng/mL,22-Nov,1:59,G3,0.097
BL21,wt,JOE2354,0 ng/mL,22-Nov,1:59,H2,0.111
BL21,Δ7,JOE6969,0 ng/mL,22-Nov,1:59,H3,0.1
BL21,wt,JOE2354,2.5 ng/mL,2-Dec,1:59,B2,0.117
BL21,Δ7,JOE6969,2.5 ng/mL,2-Dec,1:59,B3,0.101
BL21,wt,JOE2354,1.25 ng/mL,2-Dec,1:59,C2,0.115
BL21,Δ7,JOE6969,1.25 ng/mL,2-Dec,1:59,C3,0.101
BL21,wt,JOE2354,0.625 ng/mL,2-Dec,1:59,D2,0.114
BL21,Δ7,JOE6969,0.625 ng/mL,2-Dec,1:59,D3,0.101
BL21,wt,JOE2354,0.313 ng/mL,2-Dec,1:59,E2,0.114
BL21,Δ7,JOE6969,0.313 ng/mL,2-Dec,1:59,E3,0.101
BL21,wt,JOE2354,0.156 ng/mL,2-Dec,1:59,F2,0.116
BL21,Δ7,JOE6969,0.156 ng/mL,2-Dec,1:59,F3,0.1
BL21,wt,JOE2354,0.078 ng/mL,2-Dec,1:59,G2,0.114
BL21,Δ7,JOE6969,0.078 ng/mL,2-Dec,1:59,G3,0.102
BL21,wt,JOE2354,0 ng/mL,2-Dec,1:59,H2,0.111
BL21,Δ7,JOE6969,0 ng/mL,2-Dec,1:59,H3,0.102
BL21,wt,JOE2354,2.5 ng/mL,17-Nov,2:29,C2,0.142
BL21,Δ7,JOE6969,2.5 ng/mL,17-Nov,2:29,C3,0.108
BL21,wt,JOE2354,1.25 ng/mL,44882,2:29,D2,0.143
BL21,Δ7,JOE6969,1.25 ng/mL,17-Nov,2:29,D3,0.109
BL21,wt,JOE2354,0.625 ng/mL,17-Nov,2:29,E2,0.141
BL21,Δ7,JOE6969,0.625 ng/mL,17-Nov,2:29,E3,0.109
BL21,wt,JOE2354,0.313 ng/mL,17-Nov,2:29,F2,0.141
BL21,Δ7,JOE6969,0.313 ng/mL,17-Nov,2:29,F3,0.108
BL21,wt,JOE2354,0.156 ng/mL,17-Nov,2:29,G2,0.139
BL21,Δ7,JOE6969,0.156 ng/mL,17-Nov,2:29,G3,0.108
BL21,wt,JOE2354,0 ng/mL,17-Nov,2:29,H2,0.134
BL21,Δ7,JOE6969,0 ng/mL,17-Nov,2:29,H3,0.106
BL21,wt,JOE2354,2.5 ng/mL,22-Nov,2:29,B2,0.133
BL21,Δ7,JOE6969,2.5 ng/mL,22-Nov,2:29,B3,0.1
BL21,wt,JOE2354,1.25 ng/mL,22-Nov,2:29,C2,0.131
BL21,Δ7,JOE6969,1.25 ng/mL,22-Nov,2:29,C3,0.102
BL21,wt,JOE2354,0.625 ng/mL,22-Nov,2:29,D2,0.128
BL21,Δ7,JOE6969,0.625 ng/mL,22-Nov,2:29,D3,0.105
BL21,wt,JOE2354,0.313 ng/mL,22-Nov,2:29,E2,0.129
BL21,Δ7,JOE6969,0.313 ng/mL,22-Nov,2:29,E3,0.107
BL21,wt,JOE2354,0.156 ng/mL,22-Nov,2:29,F2,0.125
BL21,Δ7,JOE6969,0.156 ng/mL,22-Nov,2:29,F3,0.102
BL21,wt,JOE2354,0.078 ng/mL,22-Nov,2:29,G2,0.124
BL21,Δ7,JOE6969,0.078 ng/mL,22-Nov,2:29,G3,0.099
BL21,wt,JOE2354,0 ng/mL,22-Nov,2:29,H2,0.124
BL21,Δ7,JOE6969,0 ng/mL,22-Nov,2:29,H3,0.102
BL21,wt,JOE2354,2.5 ng/mL,2-Dec,2:29,B2,0.137
BL21,Δ7,JOE6969,2.5 ng/mL,2-Dec,2:29,B3,0.104
BL21,wt,JOE2354,1.25 ng/mL,2-Dec,2:29,C2,0.135
BL21,Δ7,JOE6969,1.25 ng/mL,2-Dec,2:29,C3,0.105
BL21,wt,JOE2354,0.625 ng/mL,2-Dec,2:29,D2,0.133
BL21,Δ7,JOE6969,0.625 ng/mL,2-Dec,2:29,D3,0.105
BL21,wt,JOE2354,0.313 ng/mL,2-Dec,2:29,E2,0.132
BL21,Δ7,JOE6969,0.313 ng/mL,2-Dec,2:29,E3,0.105
BL21,wt,JOE2354,0.156 ng/mL,2-Dec,2:29,F2,0.132
BL21,Δ7,JOE6969,0.156 ng/mL,2-Dec,2:29,F3,0.103
BL21,wt,JOE2354,0.078 ng/mL,2-Dec,2:29,G2,0.129
BL21,Δ7,JOE6969,0.078 ng/mL,2-Dec,2:29,G3,0.105
BL21,wt,JOE2354,0 ng/mL,2-Dec,2:29,H2,0.126
BL21,Δ7,JOE6969,0 ng/mL,2-Dec,2:29,H3,0.105
BL21,wt,JOE2354,2.5 ng/mL,17-Nov,2:59,C2,0.175
BL21,Δ7,JOE6969,2.5 ng/mL,17-Nov,2:59,C3,0.114
BL21,wt,JOE2354,1.25 ng/mL,44882,2:59,D2,0.177
BL21,Δ7,JOE6969,1.25 ng/mL,17-Nov,2:59,D3,0.116
BL21,wt,JOE2354,0.625 ng/mL,17-Nov,2:59,E2,0.175
BL21,Δ7,JOE6969,0.625 ng/mL,17-Nov,2:59,E3,0.115
BL21,wt,JOE2354,0.313 ng/mL,17-Nov,2:59,F2,0.174
BL21,Δ7,JOE6969,0.313 ng/mL,17-Nov,2:59,F3,0.115
BL21,wt,JOE2354,0.156 ng/mL,17-Nov,2:59,G2,0.171
BL21,Δ7,JOE6969,0.156 ng/mL,17-Nov,2:59,G3,0.114
BL21,wt,JOE2354,0 ng/mL,17-Nov,2:59,H2,0.162
BL21,Δ7,JOE6969,0 ng/mL,17-Nov,2:59,H3,0.111
BL21,wt,JOE2354,2.5 ng/mL,22-Nov,2:59,B2,0.159
BL21,Δ7,JOE6969,2.5 ng/mL,22-Nov,2:59,B3,0.103
BL21,wt,JOE2354,1.25 ng/mL,22-Nov,2:59,C2,0.16
BL21,Δ7,JOE6969,1.25 ng/mL,22-Nov,2:59,C3,0.105
BL21,wt,JOE2354,0.625 ng/mL,22-Nov,2:59,D2,0.156
BL21,Δ7,JOE6969,0.625 ng/mL,22-Nov,2:59,D3,0.109
BL21,wt,JOE2354,0.313 ng/mL,22-Nov,2:59,E2,0.156
BL21,Δ7,JOE6969,0.313 ng/mL,22-Nov,2:59,E3,0.109
BL21,wt,JOE2354,0.156 ng/mL,22-Nov,2:59,F2,0.153
BL21,Δ7,JOE6969,0.156 ng/mL,22-Nov,2:59,F3,0.106
BL21,wt,JOE2354,0.078 ng/mL,22-Nov,2:59,G2,0.148
BL21,Δ7,JOE6969,0.078 ng/mL,22-Nov,2:59,G3,0.102
BL21,wt,JOE2354,0 ng/mL,22-Nov,2:59,H2,0.145
BL21,Δ7,JOE6969,0 ng/mL,22-Nov,2:59,H3,0.105
BL21,wt,JOE2354,2.5 ng/mL,2-Dec,2:59,B2,0.166
BL21,Δ7,JOE6969,2.5 ng/mL,2-Dec,2:59,B3,0.111
BL21,wt,JOE2354,1.25 ng/mL,2-Dec,2:59,C2,0.165
BL21,Δ7,JOE6969,1.25 ng/mL,2-Dec,2:59,C3,0.112
BL21,wt,JOE2354,0.625 ng/mL,2-Dec,2:59,D2,0.163
BL21,Δ7,JOE6969,0.625 ng/mL,2-Dec,2:59,D3,0.112
BL21,wt,JOE2354,0.313 ng/mL,2-Dec,2:59,E2,0.16
BL21,Δ7,JOE6969,0.313 ng/mL,2-Dec,2:59,E3,0.112
BL21,wt,JOE2354,0.156 ng/mL,2-Dec,2:59,F2,0.159
BL21,Δ7,JOE6969,0.156 ng/mL,2-Dec,2:59,F3,0.11
BL21,wt,JOE2354,0.078 ng/mL,2-Dec,2:59,G2,0.155
BL21,Δ7,JOE6969,0.078 ng/mL,2-Dec,2:59,G3,0.112
BL21,wt,JOE2354,0 ng/mL,2-Dec,2:59,H2,0.15
BL21,Δ7,JOE6969,0 ng/mL,2-Dec,2:59,H3,0.111
BL21,wt,JOE2354,2.5 ng/mL,17-Nov,3:29,C2,0.221
BL21,Δ7,JOE6969,2.5 ng/mL,17-Nov,3:29,C3,0.125
BL21,wt,JOE2354,1.25 ng/mL,44882,3:29,D2,0.229
BL21,Δ7,JOE6969,1.25 ng/mL,17-Nov,3:29,D3,0.129
BL21,wt,JOE2354,0.625 ng/mL,17-Nov,3:29,E2,0.228
BL21,Δ7,JOE6969,0.625 ng/mL,17-Nov,3:29,E3,0.129
BL21,wt,JOE2354,0.313 ng/mL,17-Nov,3:29,F2,0.229
BL21,Δ7,JOE6969,0.313 ng/mL,17-Nov,3:29,F3,0.128
BL21,wt,JOE2354,0.156 ng/mL,17-Nov,3:29,G2,0.227
BL21,Δ7,JOE6969,0.156 ng/mL,17-Nov,3:29,G3,0.126
BL21,wt,JOE2354,0 ng/mL,17-Nov,3:29,H2,0.213
BL21,Δ7,JOE6969,0 ng/mL,17-Nov,3:29,H3,0.123
BL21,wt,JOE2354,2.5 ng/mL,22-Nov,3:29,B2,0.198
BL21,Δ7,JOE6969,2.5 ng/mL,22-Nov,3:29,B3,0.11
BL21,wt,JOE2354,1.25 ng/mL,22-Nov,3:29,C2,0.201
BL21,Δ7,JOE6969,1.25 ng/mL,22-Nov,3:29,C3,0.114
BL21,wt,JOE2354,0.625 ng/mL,22-Nov,3:29,D2,0.2
BL21,Δ7,JOE6969,0.625 ng/mL,22-Nov,3:29,D3,0.116
BL21,wt,JOE2354,0.313 ng/mL,22-Nov,3:29,E2,0.202
BL21,Δ7,JOE6969,0.313 ng/mL,22-Nov,3:29,E3,0.115
BL21,wt,JOE2354,0.156 ng/mL,22-Nov,3:29,F2,0.194
BL21,Δ7,JOE6969,0.156 ng/mL,22-Nov,3:29,F3,0.113
BL21,wt,JOE2354,0.078 ng/mL,22-Nov,3:29,G2,0.189
BL21,Δ7,JOE6969,0.078 ng/mL,22-Nov,3:29,G3,0.109
BL21,wt,JOE2354,0 ng/mL,22-Nov,3:29,H2,0.183
BL21,Δ7,JOE6969,0 ng/mL,22-Nov,3:29,H3,0.111
BL21,wt,JOE2354,2.5 ng/mL,2-Dec,3:29,B2,0.21
BL21,Δ7,JOE6969,2.5 ng/mL,2-Dec,3:29,B3,0.121
BL21,wt,JOE2354,1.25 ng/mL,2-Dec,3:29,C2,0.211
BL21,Δ7,JOE6969,1.25 ng/mL,2-Dec,3:29,C3,0.124
BL21,wt,JOE2354,0.625 ng/mL,2-Dec,3:29,D2,0.211
BL21,Δ7,JOE6969,0.625 ng/mL,2-Dec,3:29,D3,0.124
BL21,wt,JOE2354,0.313 ng/mL,2-Dec,3:29,E2,0.207
BL21,Δ7,JOE6969,0.313 ng/mL,2-Dec,3:29,E3,0.124
BL21,wt,JOE2354,0.156 ng/mL,2-Dec,3:29,F2,0.206
BL21,Δ7,JOE6969,0.156 ng/mL,2-Dec,3:29,F3,0.122
BL21,wt,JOE2354,0.078 ng/mL,2-Dec,3:29,G2,0.201
BL21,Δ7,JOE6969,0.078 ng/mL,2-Dec,3:29,G3,0.123
BL21,wt,JOE2354,0 ng/mL,2-Dec,3:29,H2,0.192
BL21,Δ7,JOE6969,0 ng/mL,2-Dec,3:29,H3,0.122
BL21,wt,JOE2354,2.5 ng/mL,17-Nov,3:59,C2,0.279
BL21,Δ7,JOE6969,2.5 ng/mL,17-Nov,3:59,C3,0.14
BL21,wt,JOE2354,1.25 ng/mL,44882,3:59,D2,0.29
BL21,Δ7,JOE6969,1.25 ng/mL,17-Nov,3:59,D3,0.148
BL21,wt,JOE2354,0.625 ng/mL,17-Nov,3:59,E2,0.295
BL21,Δ7,JOE6969,0.625 ng/mL,17-Nov,3:59,E3,0.15
BL21,wt,JOE2354,0.313 ng/mL,17-Nov,3:59,F2,0.303
BL21,Δ7,JOE6969,0.313 ng/mL,17-Nov,3:59,F3,0.149
BL21,wt,JOE2354,0.156 ng/mL,17-Nov,3:59,G2,0.302
BL21,Δ7,JOE6969,0.156 ng/mL,17-Nov,3:59,G3,0.146
BL21,wt,JOE2354,0 ng/mL,17-Nov,3:59,H2,0.289
BL21,Δ7,JOE6969,0 ng/mL,17-Nov,3:59,H3,0.14
BL21,wt,JOE2354,2.5 ng/mL,22-Nov,3:59,B2,0.251
BL21,Δ7,JOE6969,2.5 ng/mL,22-Nov,3:59,B3,0.121
BL21,wt,JOE2354,1.25 ng/mL,22-Nov,3:59,C2,0.263
BL21,Δ7,JOE6969,1.25 ng/mL,22-Nov,3:59,C3,0.127
BL21,wt,JOE2354,0.625 ng/mL,22-Nov,3:59,D2,0.267
BL21,Δ7,JOE6969,0.625 ng/mL,22-Nov,3:59,D3,0.129
BL21,wt,JOE2354,0.313 ng/mL,22-Nov,3:59,E2,0.276
BL21,Δ7,JOE6969,0.313 ng/mL,22-Nov,3:59,E3,0.128
BL21,wt,JOE2354,0.156 ng/mL,22-Nov,3:59,F2,0.264
BL21,Δ7,JOE6969,0.156 ng/mL,22-Nov,3:59,F3,0.125
BL21,wt,JOE2354,0.078 ng/mL,22-Nov,3:59,G2,0.259
BL21,Δ7,JOE6969,0.078 ng/mL,22-Nov,3:59,G3,0.12
BL21,wt,JOE2354,0 ng/mL,22-Nov,3:59,H2,0.246
BL21,Δ7,JOE6969,0 ng/mL,22-Nov,3:59,H3,0.122
BL21,wt,JOE2354,2.5 ng/mL,2-Dec,3:59,B2,0.267
BL21,Δ7,JOE6969,2.5 ng/mL,2-Dec,3:59,B3,0.135
BL21,wt,JOE2354,1.25 ng/mL,2-Dec,3:59,C2,0.274
BL21,Δ7,JOE6969,1.25 ng/mL,2-Dec,3:59,C3,0.143
BL21,wt,JOE2354,0.625 ng/mL,2-Dec,3:59,D2,0.279
BL21,Δ7,JOE6969,0.625 ng/mL,2-Dec,3:59,D3,0.142
BL21,wt,JOE2354,0.313 ng/mL,2-Dec,3:59,E2,0.281
BL21,Δ7,JOE6969,0.313 ng/mL,2-Dec,3:59,E3,0.142
BL21,wt,JOE2354,0.156 ng/mL,2-Dec,3:59,F2,0.279
BL21,Δ7,JOE6969,0.156 ng/mL,2-Dec,3:59,F3,0.141
BL21,wt,JOE2354,0.078 ng/mL,2-Dec,3:59,G2,0.274
BL21,Δ7,JOE6969,0.078 ng/mL,2-Dec,3:59,G3,0.14
BL21,wt,JOE2354,0 ng/mL,2-Dec,3:59,H2,0.263
BL21,Δ7,JOE6969,0 ng/mL,2-Dec,3:59,H3,0.139
BL21,wt,JOE2354,2.5 ng/mL,17-Nov,4:29,C2,0.224
BL21,Δ7,JOE6969,2.5 ng/mL,17-Nov,4:29,C3,0.155
BL21,wt,JOE2354,1.25 ng/mL,44882,4:29,D2,0.244
BL21,Δ7,JOE6969,1.25 ng/mL,17-Nov,4:29,D3,0.173
BL21,wt,JOE2354,0.625 ng/mL,17-Nov,4:29,E2,0.291
BL21,Δ7,JOE6969,0.625 ng/mL,17-Nov,4:29,E3,0.178
BL21,wt,JOE2354,0.313 ng/mL,17-Nov,4:29,F2,0.338
BL21,Δ7,JOE6969,0.313 ng/mL,17-Nov,4:29,F3,0.179
BL21,wt,JOE2354,0.156 ng/mL,17-Nov,4:29,G2,0.361
BL21,Δ7,JOE6969,0.156 ng/mL,17-Nov,4:29,G3,0.173
BL21,wt,JOE2354,0 ng/mL,17-Nov,4:29,H2,0.367
BL21,Δ7,JOE6969,0 ng/mL,17-Nov,4:29,H3,0.168
BL21,wt,JOE2354,2.5 ng/mL,22-Nov,4:29,B2,0.253
BL21,Δ7,JOE6969,2.5 ng/mL,22-Nov,4:29,B3,0.132
BL21,wt,JOE2354,1.25 ng/mL,22-Nov,4:29,C2,0.258
BL21,Δ7,JOE6969,1.25 ng/mL,22-Nov,4:29,C3,0.144
BL21,wt,JOE2354,0.625 ng/mL,22-Nov,4:29,D2,0.288
BL21,Δ7,JOE6969,0.625 ng/mL,22-Nov,4:29,D3,0.146
BL21,wt,JOE2354,0.313 ng/mL,22-Nov,4:29,E2,0.323
BL21,Δ7,JOE6969,0.313 ng/mL,22-Nov,4:29,E3,0.146
BL21,wt,JOE2354,0.156 ng/mL,22-Nov,4:29,F2,0.325
BL21,Δ7,JOE6969,0.156 ng/mL,22-Nov,4:29,F3,0.144
BL21,wt,JOE2354,0.078 ng/mL,22-Nov,4:29,G2,0.327
BL21,Δ7,JOE6969,0.078 ng/mL,22-Nov,4:29,G3,0.137
BL21,wt,JOE2354,0 ng/mL,22-Nov,4:29,H2,0.321
BL21,Δ7,JOE6969,0 ng/mL,22-Nov,4:29,H3,0.139
BL21,wt,JOE2354,2.5 ng/mL,2-Dec,4:29,B2,0.235
BL21,Δ7,JOE6969,2.5 ng/mL,2-Dec,4:29,B3,0.152
BL21,wt,JOE2354,1.25 ng/mL,2-Dec,4:29,C2,0.252
BL21,Δ7,JOE6969,1.25 ng/mL,2-Dec,4:29,C3,0.164
BL21,wt,JOE2354,0.625 ng/mL,2-Dec,4:29,D2,0.294
BL21,Δ7,JOE6969,0.625 ng/mL,2-Dec,4:29,D3,0.165
BL21,wt,JOE2354,0.313 ng/mL,2-Dec,4:29,E2,0.325
BL21,Δ7,JOE6969,0.313 ng/mL,2-Dec,4:29,E3,0.167
BL21,wt,JOE2354,0.156 ng/mL,2-Dec,4:29,F2,0.34
BL21,Δ7,JOE6969,0.156 ng/mL,2-Dec,4:29,F3,0.166
BL21,wt,JOE2354,0.078 ng/mL,2-Dec,4:29,G2,0.342
BL21,Δ7,JOE6969,0.078 ng/mL,2-Dec,4:29,G3,0.166
BL21,wt,JOE2354,0 ng/mL,2-Dec,4:29,H2,0.335
BL21,Δ7,JOE6969,0 ng/mL,2-Dec,4:29,H3,0.165
BL21,wt,JOE2354,2.5 ng/mL,17-Nov,4:59,C2,0.179
BL21,Δ7,JOE6969,2.5 ng/mL,17-Nov,4:59,C3,0.17
BL21,wt,JOE2354,1.25 ng/mL,44882,4:59,D2,0.21
BL21,Δ7,JOE6969,1.25 ng/mL,17-Nov,4:59,D3,0.203
BL21,wt,JOE2354,0.625 ng/mL,17-Nov,4:59,E2,0.305
BL21,Δ7,JOE6969,0.625 ng/mL,17-Nov,4:59,E3,0.214
BL21,wt,JOE2354,0.313 ng/mL,17-Nov,4:59,F2,0.408
BL21,Δ7,JOE6969,0.313 ng/mL,17-Nov,4:59,F3,0.219
BL21,wt,JOE2354,0.156 ng/mL,17-Nov,4:59,G2,0.468
BL21,Δ7,JOE6969,0.156 ng/mL,17-Nov,4:59,G3,0.218
BL21,wt,JOE2354,0 ng/mL,17-Nov,4:59,H2,0.496
BL21,Δ7,JOE6969,0 ng/mL,17-Nov,4:59,H3,0.209
BL21,wt,JOE2354,2.5 ng/mL,22-Nov,4:59,B2,0.164
BL21,Δ7,JOE6969,2.5 ng/mL,22-Nov,4:59,B3,0.145
BL21,wt,JOE2354,1.25 ng/mL,22-Nov,4:59,C2,0.206
BL21,Δ7,JOE6969,1.25 ng/mL,22-Nov,4:59,C3,0.162
BL21,wt,JOE2354,0.625 ng/mL,22-Nov,4:59,D2,0.289
BL21,Δ7,JOE6969,0.625 ng/mL,22-Nov,4:59,D3,0.17
BL21,wt,JOE2354,0.313 ng/mL,22-Nov,4:59,E2,0.375
BL21,Δ7,JOE6969,0.313 ng/mL,22-Nov,4:59,E3,0.171
BL21,wt,JOE2354,0.156 ng/mL,22-Nov,4:59,F2,0.397
BL21,Δ7,JOE6969,0.156 ng/mL,22-Nov,4:59,F3,0.17
BL21,wt,JOE2354,0.078 ng/mL,22-Nov,4:59,G2,0.417
BL21,Δ7,JOE6969,0.078 ng/mL,22-Nov,4:59,G3,0.162
BL21,wt,JOE2354,0 ng/mL,22-Nov,4:59,H2,0.412
BL21,Δ7,JOE6969,0 ng/mL,22-Nov,4:59,H3,0.164
BL21,wt,JOE2354,2.5 ng/mL,2-Dec,4:59,B2,0.173
BL21,Δ7,JOE6969,2.5 ng/mL,2-Dec,4:59,B3,0.168
BL21,wt,JOE2354,1.25 ng/mL,2-Dec,4:59,C2,0.22
BL21,Δ7,JOE6969,1.25 ng/mL,2-Dec,4:59,C3,0.189
BL21,wt,JOE2354,0.625 ng/mL,2-Dec,4:59,D2,0.318
BL21,Δ7,JOE6969,0.625 ng/mL,2-Dec,4:59,D3,0.195
BL21,wt,JOE2354,0.313 ng/mL,2-Dec,4:59,E2,0.39
BL21,Δ7,JOE6969,0.313 ng/mL,2-Dec,4:59,E3,0.203
BL21,wt,JOE2354,0.156 ng/mL,2-Dec,4:59,F2,0.427
BL21,Δ7,JOE6969,0.156 ng/mL,2-Dec,4:59,F3,0.203
BL21,wt,JOE2354,0.078 ng/mL,2-Dec,4:59,G2,0.441
BL21,Δ7,JOE6969,0.078 ng/mL,2-Dec,4:59,G3,0.204
BL21,wt,JOE2354,0 ng/mL,2-Dec,4:59,H2,0.437
BL21,Δ7,JOE6969,0 ng/mL,2-Dec,4:59,H3,0.201
BL21,wt,JOE2354,2.5 ng/mL,17-Nov,5:29,C2,0.157
BL21,Δ7,JOE6969,2.5 ng/mL,17-Nov,5:29,C3,0.186
BL21,wt,JOE2354,1.25 ng/mL,44882,5:29,D2,0.192
BL21,Δ7,JOE6969,1.25 ng/mL,17-Nov,5:29,D3,0.212
BL21,wt,JOE2354,0.625 ng/mL,17-Nov,5:29,E2,0.327
BL21,Δ7,JOE6969,0.625 ng/mL,17-Nov,5:29,E3,0.232
BL21,wt,JOE2354,0.313 ng/mL,17-Nov,5:29,F2,0.484
BL21,Δ7,JOE6969,0.313 ng/mL,17-Nov,5:29,F3,0.248
BL21,wt,JOE2354,0.156 ng/mL,17-Nov,5:29,G2,0.55
BL21,Δ7,JOE6969,0.156 ng/mL,17-Nov,5:29,G3,0.257
BL21,wt,JOE2354,0 ng/mL,17-Nov,5:29,H2,0.574
BL21,Δ7,JOE6969,0 ng/mL,17-Nov,5:29,H3,0.266
BL21,wt,JOE2354,2.5 ng/mL,22-Nov,5:29,B2,0.135
BL21,Δ7,JOE6969,2.5 ng/mL,22-Nov,5:29,B3,0.158
BL21,wt,JOE2354,1.25 ng/mL,22-Nov,5:29,C2,0.183
BL21,Δ7,JOE6969,1.25 ng/mL,22-Nov,5:29,C3,0.182
BL21,wt,JOE2354,0.625 ng/mL,22-Nov,5:29,D2,0.313
BL21,Δ7,JOE6969,0.625 ng/mL,22-Nov,5:29,D3,0.188
BL21,wt,JOE2354,0.313 ng/mL,22-Nov,5:29,E2,0.457
BL21,Δ7,JOE6969,0.313 ng/mL,22-Nov,5:29,E3,0.195
BL21,wt,JOE2354,0.156 ng/mL,22-Nov,5:29,F2,0.502
BL21,Δ7,JOE6969,0.156 ng/mL,22-Nov,5:29,F3,0.199
BL21,wt,JOE2354,0.078 ng/mL,22-Nov,5:29,G2,0.518
BL21,Δ7,JOE6969,0.078 ng/mL,22-Nov,5:29,G3,0.192
BL21,wt,JOE2354,0 ng/mL,22-Nov,5:29,H2,0.526
BL21,Δ7,JOE6969,0 ng/mL,22-Nov,5:29,H3,0.199
BL21,wt,JOE2354,2.5 ng/mL,2-Dec,5:29,B2,0.146
BL21,Δ7,JOE6969,2.5 ng/mL,2-Dec,5:29,B3,0.182
BL21,wt,JOE2354,1.25 ng/mL,2-Dec,5:29,C2,0.205
BL21,Δ7,JOE6969,1.25 ng/mL,2-Dec,5:29,C3,0.193
BL21,wt,JOE2354,0.625 ng/mL,2-Dec,5:29,D2,0.365
BL21,Δ7,JOE6969,0.625 ng/mL,2-Dec,5:29,D3,0.201
BL21,wt,JOE2354,0.313 ng/mL,2-Dec,5:29,E2,0.478
BL21,Δ7,JOE6969,0.313 ng/mL,2-Dec,5:29,E3,0.223
BL21,wt,JOE2354,0.156 ng/mL,2-Dec,5:29,F2,0.527
BL21,Δ7,JOE6969,0.156 ng/mL,2-Dec,5:29,F3,0.232
BL21,wt,JOE2354,0.078 ng/mL,2-Dec,5:29,G2,0.537
BL21,Δ7,JOE6969,0.078 ng/mL,2-Dec,5:29,G3,0.241
BL21,wt,JOE2354,0 ng/mL,2-Dec,5:29,H2,0.537
BL21,Δ7,JOE6969,0 ng/mL,2-Dec,5:29,H3,0.247
BL21,wt,JOE2354,2.5 ng/mL,17-Nov,5:59,C2,0.146
BL21,Δ7,JOE6969,2.5 ng/mL,17-Nov,5:59,C3,0.199
BL21,wt,JOE2354,1.25 ng/mL,44882,5:59,D2,0.176
BL21,Δ7,JOE6969,1.25 ng/mL,17-Nov,5:59,D3,0.175
BL21,wt,JOE2354,0.625 ng/mL,17-Nov,5:59,E2,0.355
BL21,Δ7,JOE6969,0.625 ng/mL,17-Nov,5:59,E3,0.199
BL21,wt,JOE2354,0.313 ng/mL,17-Nov,5:59,F2,0.545
BL21,Δ7,JOE6969,0.313 ng/mL,17-Nov,5:59,F3,0.24
BL21,wt,JOE2354,0.156 ng/mL,17-Nov,5:59,G2,0.631
BL21,Δ7,JOE6969,0.156 ng/mL,17-Nov,5:59,G3,0.271
BL21,wt,JOE2354,0 ng/mL,17-Nov,5:59,H2,0.674
BL21,Δ7,JOE6969,0 ng/mL,17-Nov,5:59,H3,0.308
BL21,wt,JOE2354,2.5 ng/mL,22-Nov,5:59,B2,0.121
BL21,Δ7,JOE6969,2.5 ng/mL,22-Nov,5:59,B3,0.168
BL21,wt,JOE2354,1.25 ng/mL,22-Nov,5:59,C2,0.164
BL21,Δ7,JOE6969,1.25 ng/mL,22-Nov,5:59,C3,0.161
BL21,wt,JOE2354,0.625 ng/mL,22-Nov,5:59,D2,0.34
BL21,Δ7,JOE6969,0.625 ng/mL,22-Nov,5:59,D3,0.17
BL21,wt,JOE2354,0.313 ng/mL,22-Nov,5:59,E2,0.517
BL21,Δ7,JOE6969,0.313 ng/mL,22-Nov,5:59,E3,0.192
BL21,wt,JOE2354,0.156 ng/mL,22-Nov,5:59,F2,0.577
BL21,Δ7,JOE6969,0.156 ng/mL,22-Nov,5:59,F3,0.213
BL21,wt,JOE2354,0.078 ng/mL,22-Nov,5:59,G2,0.6
BL21,Δ7,JOE6969,0.078 ng/mL,22-Nov,5:59,G3,0.213
BL21,wt,JOE2354,0 ng/mL,22-Nov,5:59,H2,0.606
BL21,Δ7,JOE6969,0 ng/mL,22-Nov,5:59,H3,0.233
BL21,wt,JOE2354,2.5 ng/mL,2-Dec,5:59,B2,0.134
BL21,Δ7,JOE6969,2.5 ng/mL,2-Dec,5:59,B3,0.185
BL21,wt,JOE2354,1.25 ng/mL,2-Dec,5:59,C2,0.191
BL21,Δ7,JOE6969,1.25 ng/mL,2-Dec,5:59,C3,0.152
BL21,wt,JOE2354,0.625 ng/mL,2-Dec,5:59,D2,0.415
BL21,Δ7,JOE6969,0.625 ng/mL,2-Dec,5:59,D3,0.168
BL21,wt,JOE2354,0.313 ng/mL,2-Dec,5:59,E2,0.549
BL21,Δ7,JOE6969,0.313 ng/mL,2-Dec,5:59,E3,0.206
BL21,wt,JOE2354,0.156 ng/mL,2-Dec,5:59,F2,0.608
BL21,Δ7,JOE6969,0.156 ng/mL,2-Dec,5:59,F3,0.234
BL21,wt,JOE2354,0.078 ng/mL,2-Dec,5:59,G2,0.624
BL21,Δ7,JOE6969,0.078 ng/mL,2-Dec,5:59,G3,0.258
BL21,wt,JOE2354,0 ng/mL,2-Dec,5:59,H2,0.623
BL21,Δ7,JOE6969,0 ng/mL,2-Dec,5:59,H3,0.28
BL21,wt,JOE2354,2.5 ng/mL,17-Nov,6:29,C2,0.141
BL21,Δ7,JOE6969,2.5 ng/mL,17-Nov,6:29,C3,0.203
BL21,wt,JOE2354,1.25 ng/mL,44882,6:29,D2,0.162
BL21,Δ7,JOE6969,1.25 ng/mL,17-Nov,6:29,D3,0.147
BL21,wt,JOE2354,0.625 ng/mL,17-Nov,6:29,E2,0.396
BL21,Δ7,JOE6969,0.625 ng/mL,17-Nov,6:29,E3,0.175
BL21,wt,JOE2354,0.313 ng/mL,17-Nov,6:29,F2,0.621
BL21,Δ7,JOE6969,0.313 ng/mL,17-Nov,6:29,F3,0.237
BL21,wt,JOE2354,0.156 ng/mL,17-Nov,6:29,G2,0.741
BL21,Δ7,JOE6969,0.156 ng/mL,17-Nov,6:29,G3,0.293
BL21,wt,JOE2354,0 ng/mL,17-Nov,6:29,H2,0.811
BL21,Δ7,JOE6969,0 ng/mL,17-Nov,6:29,H3,0.368
BL21,wt,JOE2354,2.5 ng/mL,22-Nov,6:29,B2,0.114
BL21,Δ7,JOE6969,2.5 ng/mL,22-Nov,6:29,B3,0.169
BL21,wt,JOE2354,1.25 ng/mL,22-Nov,6:29,C2,0.152
BL21,Δ7,JOE6969,1.25 ng/mL,22-Nov,6:29,C3,0.127
BL21,wt,JOE2354,0.625 ng/mL,22-Nov,6:29,D2,0.382
BL21,Δ7,JOE6969,0.625 ng/mL,22-Nov,6:29,D3,0.142
BL21,wt,JOE2354,0.313 ng/mL,22-Nov,6:29,E2,0.597
BL21,Δ7,JOE6969,0.313 ng/mL,22-Nov,6:29,E3,0.176
BL21,wt,JOE2354,0.156 ng/mL,22-Nov,6:29,F2,0.673
BL21,Δ7,JOE6969,0.156 ng/mL,22-Nov,6:29,F3,0.212
BL21,wt,JOE2354,0.078 ng/mL,22-Nov,6:29,G2,0.711
BL21,Δ7,JOE6969,0.078 ng/mL,22-Nov,6:29,G3,0.224
BL21,wt,JOE2354,0 ng/mL,22-Nov,6:29,H2,0.716
BL21,Δ7,JOE6969,0 ng/mL,22-Nov,6:29,H3,0.261
BL21,wt,JOE2354,2.5 ng/mL,2-Dec,6:29,B2,0.126
BL21,Δ7,JOE6969,2.5 ng/mL,2-Dec,6:29,B3,0.173
BL21,wt,JOE2354,1.25 ng/mL,2-Dec,6:29,C2,0.182
BL21,Δ7,JOE6969,1.25 ng/mL,2-Dec,6:29,C3,0.127
BL21,wt,JOE2354,0.625 ng/mL,2-Dec,6:29,D2,0.462
BL21,Δ7,JOE6969,0.625 ng/mL,2-Dec,6:29,D3,0.149
BL21,wt,JOE2354,0.313 ng/mL,2-Dec,6:29,E2,0.635
BL21,Δ7,JOE6969,0.313 ng/mL,2-Dec,6:29,E3,0.202
BL21,wt,JOE2354,0.156 ng/mL,2-Dec,6:29,F2,0.715
BL21,Δ7,JOE6969,0.156 ng/mL,2-Dec,6:29,F3,0.249
BL21,wt,JOE2354,0.078 ng/mL,2-Dec,6:29,G2,0.741
BL21,Δ7,JOE6969,0.078 ng/mL,2-Dec,6:29,G3,0.291
BL21,wt,JOE2354,0 ng/mL,2-Dec,6:29,H2,0.745
BL21,Δ7,JOE6969,0 ng/mL,2-Dec,6:29,H3,0.325
BL21,wt,JOE2354,2.5 ng/mL,17-Nov,6:59,C2,0.134
BL21,Δ7,JOE6969,2.5 ng/mL,17-Nov,6:59,C3,0.201
BL21,wt,JOE2354,1.25 ng/mL,44882,6:59,D2,0.156
BL21,Δ7,JOE6969,1.25 ng/mL,17-Nov,6:59,D3,0.131
BL21,wt,JOE2354,0.625 ng/mL,17-Nov,6:59,E2,0.423
BL21,Δ7,JOE6969,0.625 ng/mL,17-Nov,6:59,E3,0.155
BL21,wt,JOE2354,0.313 ng/mL,17-Nov,6:59,F2,0.709
BL21,Δ7,JOE6969,0.313 ng/mL,17-Nov,6:59,F3,0.231
BL21,wt,JOE2354,0.156 ng/mL,17-Nov,6:59,G2,0.842
BL21,Δ7,JOE6969,0.156 ng/mL,17-Nov,6:59,G3,0.317
BL21,wt,JOE2354,0 ng/mL,17-Nov,6:59,H2,0.887
BL21,Δ7,JOE6969,0 ng/mL,17-Nov,6:59,H3,0.438
BL21,wt,JOE2354,2.5 ng/mL,22-Nov,6:59,B2,0.113
BL21,Δ7,JOE6969,2.5 ng/mL,22-Nov,6:59,B3,0.164
BL21,wt,JOE2354,1.25 ng/mL,22-Nov,6:59,C2,0.145
BL21,Δ7,JOE6969,1.25 ng/mL,22-Nov,6:59,C3,0.113
BL21,wt,JOE2354,0.625 ng/mL,22-Nov,6:59,D2,0.41
BL21,Δ7,JOE6969,0.625 ng/mL,22-Nov,6:59,D3,0.127
BL21,wt,JOE2354,0.313 ng/mL,22-Nov,6:59,E2,0.673
BL21,Δ7,JOE6969,0.313 ng/mL,22-Nov,6:59,E3,0.17
BL21,wt,JOE2354,0.156 ng/mL,22-Nov,6:59,F2,0.79
BL21,Δ7,JOE6969,0.156 ng/mL,22-Nov,6:59,F3,0.223
BL21,wt,JOE2354,0.078 ng/mL,22-Nov,6:59,G2,0.823
BL21,Δ7,JOE6969,0.078 ng/mL,22-Nov,6:59,G3,0.25
BL21,wt,JOE2354,0 ng/mL,22-Nov,6:59,H2,0.833
BL21,Δ7,JOE6969,0 ng/mL,22-Nov,6:59,H3,0.308
BL21,wt,JOE2354,2.5 ng/mL,2-Dec,6:59,B2,0.12
BL21,Δ7,JOE6969,2.5 ng/mL,2-Dec,6:59,B3,0.16
BL21,wt,JOE2354,1.25 ng/mL,2-Dec,6:59,C2,0.174
BL21,Δ7,JOE6969,1.25 ng/mL,2-Dec,6:59,C3,0.115
BL21,wt,JOE2354,0.625 ng/mL,2-Dec,6:59,D2,0.514
BL21,Δ7,JOE6969,0.625 ng/mL,2-Dec,6:59,D3,0.133
BL21,wt,JOE2354,0.313 ng/mL,2-Dec,6:59,E2,0.75
BL21,Δ7,JOE6969,0.313 ng/mL,2-Dec,6:59,E3,0.197
BL21,wt,JOE2354,0.156 ng/mL,2-Dec,6:59,F2,0.83
BL21,Δ7,JOE6969,0.156 ng/mL,2-Dec,6:59,F3,0.265
BL21,wt,JOE2354,0.078 ng/mL,2-Dec,6:59,G2,0.853
BL21,Δ7,JOE6969,0.078 ng/mL,2-Dec,6:59,G3,0.321
BL21,wt,JOE2354,0 ng/mL,2-Dec,6:59,H2,0.849
BL21,Δ7,JOE6969,0 ng/mL,2-Dec,6:59,H3,0.388
BL21,wt,JOE2354,2.5 ng/mL,17-Nov,7:29,C2,0.129
BL21,Δ7,JOE6969,2.5 ng/mL,17-Nov,7:29,C3,0.197
BL21,wt,JOE2354,1.25 ng/mL,44882,7:29,D2,0.15
BL21,Δ7,JOE6969,1.25 ng/mL,17-Nov,7:29,D3,0.122
BL21,wt,JOE2354,0.625 ng/mL,17-Nov,7:29,E2,0.457
BL21,Δ7,JOE6969,0.625 ng/mL,17-Nov,7:29,E3,0.141
BL21,wt,JOE2354,0.313 ng/mL,17-Nov,7:29,F2,0.794
BL21,Δ7,JOE6969,0.313 ng/mL,17-Nov,7:29,F3,0.229
BL21,wt,JOE2354,0.156 ng/mL,17-Nov,7:29,G2,0.904
BL21,Δ7,JOE6969,0.156 ng/mL,17-Nov,7:29,G3,0.35
BL21,wt,JOE2354,0 ng/mL,17-Nov,7:29,H2,0.933
BL21,Δ7,JOE6969,0 ng/mL,17-Nov,7:29,H3,0.505
BL21,wt,JOE2354,2.5 ng/mL,22-Nov,7:29,B2,0.111
BL21,Δ7,JOE6969,2.5 ng/mL,22-Nov,7:29,B3,0.157
BL21,wt,JOE2354,1.25 ng/mL,22-Nov,7:29,C2,0.138
BL21,Δ7,JOE6969,1.25 ng/mL,22-Nov,7:29,C3,0.107
BL21,wt,JOE2354,0.625 ng/mL,22-Nov,7:29,D2,0.445
BL21,Δ7,JOE6969,0.625 ng/mL,22-Nov,7:29,D3,0.117
BL21,wt,JOE2354,0.313 ng/mL,22-Nov,7:29,E2,0.763
BL21,Δ7,JOE6969,0.313 ng/mL,22-Nov,7:29,E3,0.163
BL21,wt,JOE2354,0.156 ng/mL,22-Nov,7:29,F2,0.86
BL21,Δ7,JOE6969,0.156 ng/mL,22-Nov,7:29,F3,0.242
BL21,wt,JOE2354,0.078 ng/mL,22-Nov,7:29,G2,0.885
BL21,Δ7,JOE6969,0.078 ng/mL,22-Nov,7:29,G3,0.282
BL21,wt,JOE2354,0 ng/mL,22-Nov,7:29,H2,0.896
BL21,Δ7,JOE6969,0 ng/mL,22-Nov,7:29,H3,0.367
BL21,wt,JOE2354,2.5 ng/mL,2-Dec,7:29,B2,0.117
BL21,Δ7,JOE6969,2.5 ng/mL,2-Dec,7:29,B3,0.154
BL21,wt,JOE2354,1.25 ng/mL,2-Dec,7:29,C2,0.166
BL21,Δ7,JOE6969,1.25 ng/mL,2-Dec,7:29,C3,0.11
BL21,wt,JOE2354,0.625 ng/mL,2-Dec,7:29,D2,0.572
BL21,Δ7,JOE6969,0.625 ng/mL,2-Dec,7:29,D3,0.123
BL21,wt,JOE2354,0.313 ng/mL,2-Dec,7:29,E2,0.815
BL21,Δ7,JOE6969,0.313 ng/mL,2-Dec,7:29,E3,0.194
BL21,wt,JOE2354,0.156 ng/mL,2-Dec,7:29,F2,0.895
BL21,Δ7,JOE6969,0.156 ng/mL,2-Dec,7:29,F3,0.293
BL21,wt,JOE2354,0.078 ng/mL,2-Dec,7:29,G2,0.914
BL21,Δ7,JOE6969,0.078 ng/mL,2-Dec,7:29,G3,0.369
BL21,wt,JOE2354,0 ng/mL,2-Dec,7:29,H2,0.906
BL21,Δ7,JOE6969,0 ng/mL,2-Dec,7:29,H3,0.447
BL21,wt,JOE2354,2.5 ng/mL,17-Nov,7:59,C2,0.126
BL21,Δ7,JOE6969,2.5 ng/mL,17-Nov,7:59,C3,0.194
BL21,wt,JOE2354,1.25 ng/mL,44882,7:59,D2,0.144
BL21,Δ7,JOE6969,1.25 ng/mL,17-Nov,7:59,D3,0.118
BL21,wt,JOE2354,0.625 ng/mL,17-Nov,7:59,E2,0.498
BL21,Δ7,JOE6969,0.625 ng/mL,17-Nov,7:59,E3,0.129
BL21,wt,JOE2354,0.313 ng/mL,17-Nov,7:59,F2,0.828
BL21,Δ7,JOE6969,0.313 ng/mL,17-Nov,7:59,F3,0.219
BL21,wt,JOE2354,0.156 ng/mL,17-Nov,7:59,G2,0.945
BL21,Δ7,JOE6969,0.156 ng/mL,17-Nov,7:59,G3,0.376
BL21,wt,JOE2354,0 ng/mL,17-Nov,7:59,H2,0.974
BL21,Δ7,JOE6969,0 ng/mL,17-Nov,7:59,H3,0.587
BL21,wt,JOE2354,2.5 ng/mL,22-Nov,7:59,B2,0.11
BL21,Δ7,JOE6969,2.5 ng/mL,22-Nov,7:59,B3,0.153
BL21,wt,JOE2354,1.25 ng/mL,22-Nov,7:59,C2,0.132
BL21,Δ7,JOE6969,1.25 ng/mL,22-Nov,7:59,C3,0.106
BL21,wt,JOE2354,0.625 ng/mL,22-Nov,7:59,D2,0.486
BL21,Δ7,JOE6969,0.625 ng/mL,22-Nov,7:59,D3,0.114
BL21,wt,JOE2354,0.313 ng/mL,22-Nov,7:59,E2,0.824
BL21,Δ7,JOE6969,0.313 ng/mL,22-Nov,7:59,E3,0.162
BL21,wt,JOE2354,0.156 ng/mL,22-Nov,7:59,F2,0.909
BL21,Δ7,JOE6969,0.156 ng/mL,22-Nov,7:59,F3,0.259
BL21,wt,JOE2354,0.078 ng/mL,22-Nov,7:59,G2,0.927
BL21,Δ7,JOE6969,0.078 ng/mL,22-Nov,7:59,G3,0.329
BL21,wt,JOE2354,0 ng/mL,22-Nov,7:59,H2,0.939
BL21,Δ7,JOE6969,0 ng/mL,22-Nov,7:59,H3,0.436
BL21,wt,JOE2354,2.5 ng/mL,2-Dec,7:59,B2,0.115
BL21,Δ7,JOE6969,2.5 ng/mL,2-Dec,7:59,B3,0.151
BL21,wt,JOE2354,1.25 ng/mL,2-Dec,7:59,C2,0.157
BL21,Δ7,JOE6969,1.25 ng/mL,2-Dec,7:59,C3,0.107
BL21,wt,JOE2354,0.625 ng/mL,2-Dec,7:59,D2,0.628
BL21,Δ7,JOE6969,0.625 ng/mL,2-Dec,7:59,D3,0.118
BL21,wt,JOE2354,0.313 ng/mL,2-Dec,7:59,E2,0.878
BL21,Δ7,JOE6969,0.313 ng/mL,2-Dec,7:59,E3,0.197
BL21,wt,JOE2354,0.156 ng/mL,2-Dec,7:59,F2,0.939
BL21,Δ7,JOE6969,0.156 ng/mL,2-Dec,7:59,F3,0.321
BL21,wt,JOE2354,0.078 ng/mL,2-Dec,7:59,G2,0.957
BL21,Δ7,JOE6969,0.078 ng/mL,2-Dec,7:59,G3,0.426
BL21,wt,JOE2354,0 ng/mL,2-Dec,7:59,H2,0.948
BL21,Δ7,JOE6969,0 ng/mL,2-Dec,7:59,H3,0.517
BL21,wt,JOE2354,2.5 ng/mL,17-Nov,8:29,C2,0.124
BL21,Δ7,JOE6969,2.5 ng/mL,17-Nov,8:29,C3,0.192
BL21,wt,JOE2354,1.25 ng/mL,44882,8:29,D2,0.141
BL21,Δ7,JOE6969,1.25 ng/mL,17-Nov,8:29,D3,0.116
BL21,wt,JOE2354,0.625 ng/mL,17-Nov,8:29,E2,0.536
BL21,Δ7,JOE6969,0.625 ng/mL,17-Nov,8:29,E3,0.122
BL21,wt,JOE2354,0.313 ng/mL,17-Nov,8:29,F2,0.875
BL21,Δ7,JOE6969,0.313 ng/mL,17-Nov,8:29,F3,0.217
BL21,wt,JOE2354,0.156 ng/mL,17-Nov,8:29,G2,0.985
BL21,Δ7,JOE6969,0.156 ng/mL,17-Nov,8:29,G3,0.412
BL21,wt,JOE2354,0 ng/mL,17-Nov,8:29,H2,1.019
BL21,Δ7,JOE6969,0 ng/mL,17-Nov,8:29,H3,0.676
BL21,wt,JOE2354,2.5 ng/mL,22-Nov,8:29,B2,0.109
BL21,Δ7,JOE6969,2.5 ng/mL,22-Nov,8:29,B3,0.151
BL21,wt,JOE2354,1.25 ng/mL,22-Nov,8:29,C2,0.128
BL21,Δ7,JOE6969,1.25 ng/mL,22-Nov,8:29,C3,0.104
BL21,wt,JOE2354,0.625 ng/mL,22-Nov,8:29,D2,0.54
BL21,Δ7,JOE6969,0.625 ng/mL,22-Nov,8:29,D3,0.111
BL21,wt,JOE2354,0.313 ng/mL,22-Nov,8:29,E2,0.872
BL21,Δ7,JOE6969,0.313 ng/mL,22-Nov,8:29,E3,0.159
BL21,wt,JOE2354,0.156 ng/mL,22-Nov,8:29,F2,0.948
BL21,Δ7,JOE6969,0.156 ng/mL,22-Nov,8:29,F3,0.296
BL21,wt,JOE2354,0.078 ng/mL,22-Nov,8:29,G2,0.973
BL21,Δ7,JOE6969,0.078 ng/mL,22-Nov,8:29,G3,0.382
BL21,wt,JOE2354,0 ng/mL,22-Nov,8:29,H2,0.978
BL21,Δ7,JOE6969,0 ng/mL,22-Nov,8:29,H3,0.506
BL21,wt,JOE2354,2.5 ng/mL,2-Dec,8:29,B2,0.114
BL21,Δ7,JOE6969,2.5 ng/mL,2-Dec,8:29,B3,0.149
BL21,wt,JOE2354,1.25 ng/mL,2-Dec,8:29,C2,0.155
BL21,Δ7,JOE6969,1.25 ng/mL,2-Dec,8:29,C3,0.106
BL21,wt,JOE2354,0.625 ng/mL,2-Dec,8:29,D2,0.683
BL21,Δ7,JOE6969,0.625 ng/mL,2-Dec,8:29,D3,0.113
BL21,wt,JOE2354,0.313 ng/mL,2-Dec,8:29,E2,0.897
BL21,Δ7,JOE6969,0.313 ng/mL,2-Dec,8:29,E3,0.202
BL21,wt,JOE2354,0.156 ng/mL,2-Dec,8:29,F2,0.981
BL21,Δ7,JOE6969,0.156 ng/mL,2-Dec,8:29,F3,0.36
BL21,wt,JOE2354,0.078 ng/mL,2-Dec,8:29,G2,1
BL21,Δ7,JOE6969,0.078 ng/mL,2-Dec,8:29,G3,0.48
BL21,wt,JOE2354,0 ng/mL,2-Dec,8:29,H2,0.989
BL21,Δ7,JOE6969,0 ng/mL,2-Dec,8:29,H3,0.603
BL21,wt,JOE2354,2.5 ng/mL,17-Nov,8:59,C2,0.123
BL21,Δ7,JOE6969,2.5 ng/mL,17-Nov,8:59,C3,0.19
BL21,wt,JOE2354,1.25 ng/mL,44882,8:59,D2,0.136
BL21,Δ7,JOE6969,1.25 ng/mL,17-Nov,8:59,D3,0.113
BL21,wt,JOE2354,0.625 ng/mL,17-Nov,8:59,E2,0.564
BL21,Δ7,JOE6969,0.625 ng/mL,17-Nov,8:59,E3,0.118
BL21,wt,JOE2354,0.313 ng/mL,17-Nov,8:59,F2,0.915
BL21,Δ7,JOE6969,0.313 ng/mL,17-Nov,8:59,F3,0.216
BL21,wt,JOE2354,0.156 ng/mL,17-Nov,8:59,G2,1.026
BL21,Δ7,JOE6969,0.156 ng/mL,17-Nov,8:59,G3,0.457
BL21,wt,JOE2354,0 ng/mL,17-Nov,8:59,H2,1.052
BL21,Δ7,JOE6969,0 ng/mL,17-Nov,8:59,H3,0.781
BL21,wt,JOE2354,2.5 ng/mL,22-Nov,8:59,B2,0.109
BL21,Δ7,JOE6969,2.5 ng/mL,22-Nov,8:59,B3,0.149
BL21,wt,JOE2354,1.25 ng/mL,22-Nov,8:59,C2,0.125
BL21,Δ7,JOE6969,1.25 ng/mL,22-Nov,8:59,C3,0.107
BL21,wt,JOE2354,0.625 ng/mL,22-Nov,8:59,D2,0.59
BL21,Δ7,JOE6969,0.625 ng/mL,22-Nov,8:59,D3,0.11
BL21,wt,JOE2354,0.313 ng/mL,22-Nov,8:59,E2,0.904
BL21,Δ7,JOE6969,0.313 ng/mL,22-Nov,8:59,E3,0.16
BL21,wt,JOE2354,0.156 ng/mL,22-Nov,8:59,F2,0.99
BL21,Δ7,JOE6969,0.156 ng/mL,22-Nov,8:59,F3,0.32
BL21,wt,JOE2354,0.078 ng/mL,22-Nov,8:59,G2,1.017
BL21,Δ7,JOE6969,0.078 ng/mL,22-Nov,8:59,G3,0.44
BL21,wt,JOE2354,0 ng/mL,22-Nov,8:59,H2,1.027
BL21,Δ7,JOE6969,0 ng/mL,22-Nov,8:59,H3,0.599
BL21,wt,JOE2354,2.5 ng/mL,2-Dec,8:59,B2,0.112
BL21,Δ7,JOE6969,2.5 ng/mL,2-Dec,8:59,B3,0.148
BL21,wt,JOE2354,1.25 ng/mL,2-Dec,8:59,C2,0.152
BL21,Δ7,JOE6969,1.25 ng/mL,2-Dec,8:59,C3,0.105
BL21,wt,JOE2354,0.625 ng/mL,2-Dec,8:59,D2,0.699
BL21,Δ7,JOE6969,0.625 ng/mL,2-Dec,8:59,D3,0.11
BL21,wt,JOE2354,0.313 ng/mL,2-Dec,8:59,E2,0.94
BL21,Δ7,JOE6969,0.313 ng/mL,2-Dec,8:59,E3,0.209
BL21,wt,JOE2354,0.156 ng/mL,2-Dec,8:59,F2,1.026
BL21,Δ7,JOE6969,0.156 ng/mL,2-Dec,8:59,F3,0.399
BL21,wt,JOE2354,0.078 ng/mL,2-Dec,8:59,G2,1.045
BL21,Δ7,JOE6969,0.078 ng/mL,2-Dec,8:59,G3,0.556
BL21,wt,JOE2354,0 ng/mL,2-Dec,8:59,H2,1.031
BL21,Δ7,JOE6969,0 ng/mL,2-Dec,8:59,H3,0.7
BL21,wt,JOE2354,2.5 ng/mL,17-Nov,9:29,C2,0.119
BL21,Δ7,JOE6969,2.5 ng/mL,17-Nov,9:29,C3,0.188
BL21,wt,JOE2354,1.25 ng/mL,44882,9:29,D2,0.131
BL21,Δ7,JOE6969,1.25 ng/mL,17-Nov,9:29,D3,0.112
BL21,wt,JOE2354,0.625 ng/mL,17-Nov,9:29,E2,0.585
BL21,Δ7,JOE6969,0.625 ng/mL,17-Nov,9:29,E3,0.116
BL21,wt,JOE2354,0.313 ng/mL,17-Nov,9:29,F2,0.952
BL21,Δ7,JOE6969,0.313 ng/mL,17-Nov,9:29,F3,0.222
BL21,wt,JOE2354,0.156 ng/mL,17-Nov,9:29,G2,1.061
BL21,Δ7,JOE6969,0.156 ng/mL,17-Nov,9:29,G3,0.51
BL21,wt,JOE2354,0 ng/mL,17-Nov,9:29,H2,1.077
BL21,Δ7,JOE6969,0 ng/mL,17-Nov,9:29,H3,0.838
BL21,wt,JOE2354,2.5 ng/mL,22-Nov,9:29,B2,0.108
BL21,Δ7,JOE6969,2.5 ng/mL,22-Nov,9:29,B3,0.148
BL21,wt,JOE2354,1.25 ng/mL,22-Nov,9:29,C2,0.121
BL21,Δ7,JOE6969,1.25 ng/mL,22-Nov,9:29,C3,0.102
BL21,wt,JOE2354,0.625 ng/mL,22-Nov,9:29,D2,0.613
BL21,Δ7,JOE6969,0.625 ng/mL,22-Nov,9:29,D3,0.108
BL21,wt,JOE2354,0.313 ng/mL,22-Nov,9:29,E2,0.937
BL21,Δ7,JOE6969,0.313 ng/mL,22-Nov,9:29,E3,0.162
BL21,wt,JOE2354,0.156 ng/mL,22-Nov,9:29,F2,1.032
BL21,Δ7,JOE6969,0.156 ng/mL,22-Nov,9:29,F3,0.376
BL21,wt,JOE2354,0.078 ng/mL,22-Nov,9:29,G2,1.048
BL21,Δ7,JOE6969,0.078 ng/mL,22-Nov,9:29,G3,0.503
BL21,wt,JOE2354,0 ng/mL,22-Nov,9:29,H2,1.051
BL21,Δ7,JOE6969,0 ng/mL,22-Nov,9:29,H3,0.694
BL21,wt,JOE2354,2.5 ng/mL,2-Dec,9:29,B2,0.111
BL21,Δ7,JOE6969,2.5 ng/mL,2-Dec,9:29,B3,0.146
BL21,wt,JOE2354,1.25 ng/mL,2-Dec,9:29,C2,0.149
BL21,Δ7,JOE6969,1.25 ng/mL,2-Dec,9:29,C3,0.104
BL21,wt,JOE2354,0.625 ng/mL,2-Dec,9:29,D2,0.729
BL21,Δ7,JOE6969,0.625 ng/mL,2-Dec,9:29,D3,0.109
BL21,wt,JOE2354,0.313 ng/mL,2-Dec,9:29,E2,0.989
BL21,Δ7,JOE6969,0.313 ng/mL,2-Dec,9:29,E3,0.221
BL21,wt,JOE2354,0.156 ng/mL,2-Dec,9:29,F2,1.061
BL21,Δ7,JOE6969,0.156 ng/mL,2-Dec,9:29,F3,0.451
BL21,wt,JOE2354,0.078 ng/mL,2-Dec,9:29,G2,1.074
BL21,Δ7,JOE6969,0.078 ng/mL,2-Dec,9:29,G3,0.639
BL21,wt,JOE2354,0 ng/mL,2-Dec,9:29,H2,1.057
BL21,Δ7,JOE6969,0 ng/mL,2-Dec,9:29,H3,0.774
BL21,wt,JOE2354,2.5 ng/mL,17-Nov,9:59,C2,0.118
BL21,Δ7,JOE6969,2.5 ng/mL,17-Nov,9:59,C3,0.187
BL21,wt,JOE2354,1.25 ng/mL,44882,9:59,D2,0.129
BL21,Δ7,JOE6969,1.25 ng/mL,17-Nov,9:59,D3,0.111
BL21,wt,JOE2354,0.625 ng/mL,17-Nov,9:59,E2,0.598
BL21,Δ7,JOE6969,0.625 ng/mL,17-Nov,9:59,E3,0.114
BL21,wt,JOE2354,0.313 ng/mL,17-Nov,9:59,F2,0.982
BL21,Δ7,JOE6969,0.313 ng/mL,17-Nov,9:59,F3,0.23
BL21,wt,JOE2354,0.156 ng/mL,17-Nov,9:59,G2,1.089
BL21,Δ7,JOE6969,0.156 ng/mL,17-Nov,9:59,G3,0.559
BL21,wt,JOE2354,0 ng/mL,17-Nov,9:59,H2,1.095
BL21,Δ7,JOE6969,0 ng/mL,17-Nov,9:59,H3,0.877
BL21,wt,JOE2354,2.5 ng/mL,22-Nov,9:59,B2,0.108
BL21,Δ7,JOE6969,2.5 ng/mL,22-Nov,9:59,B3,0.147
BL21,wt,JOE2354,1.25 ng/mL,22-Nov,9:59,C2,0.12
BL21,Δ7,JOE6969,1.25 ng/mL,22-Nov,9:59,C3,0.102
BL21,wt,JOE2354,0.625 ng/mL,22-Nov,9:59,D2,0.638
BL21,Δ7,JOE6969,0.625 ng/mL,22-Nov,9:59,D3,0.108
BL21,wt,JOE2354,0.313 ng/mL,22-Nov,9:59,E2,0.968
BL21,Δ7,JOE6969,0.313 ng/mL,22-Nov,9:59,E3,0.163
BL21,wt,JOE2354,0.156 ng/mL,22-Nov,9:59,F2,1.062
BL21,Δ7,JOE6969,0.156 ng/mL,22-Nov,9:59,F3,0.406
BL21,wt,JOE2354,0.078 ng/mL,22-Nov,9:59,G2,1.073
BL21,Δ7,JOE6969,0.078 ng/mL,22-Nov,9:59,G3,0.578
BL21,wt,JOE2354,0 ng/mL,22-Nov,9:59,H2,1.076
BL21,Δ7,JOE6969,0 ng/mL,22-Nov,9:59,H3,0.783
BL21,wt,JOE2354,2.5 ng/mL,2-Dec,9:59,B2,0.111
BL21,Δ7,JOE6969,2.5 ng/mL,2-Dec,9:59,B3,0.146
BL21,wt,JOE2354,1.25 ng/mL,2-Dec,9:59,C2,0.146
BL21,Δ7,JOE6969,1.25 ng/mL,2-Dec,9:59,C3,0.105
BL21,wt,JOE2354,0.625 ng/mL,2-Dec,9:59,D2,0.771
BL21,Δ7,JOE6969,0.625 ng/mL,2-Dec,9:59,D3,0.108
BL21,wt,JOE2354,0.313 ng/mL,2-Dec,9:59,E2,1.024
BL21,Δ7,JOE6969,0.313 ng/mL,2-Dec,9:59,E3,0.238
BL21,wt,JOE2354,0.156 ng/mL,2-Dec,9:59,F2,1.09
BL21,Δ7,JOE6969,0.156 ng/mL,2-Dec,9:59,F3,0.505
BL21,wt,JOE2354,0.078 ng/mL,2-Dec,9:59,G2,1.096
BL21,Δ7,JOE6969,0.078 ng/mL,2-Dec,9:59,G3,0.734
BL21,wt,JOE2354,0 ng/mL,2-Dec,9:59,H2,1.077
BL21,Δ7,JOE6969,0 ng/mL,2-Dec,9:59,H3,0.834
BL21,wt,JOE2354,2.5 ng/mL,17-Nov,10:29,C2,0.117
BL21,Δ7,JOE6969,2.5 ng/mL,17-Nov,10:29,C3,0.186
BL21,wt,JOE2354,1.25 ng/mL,44882,10:29,D2,0.129
BL21,Δ7,JOE6969,1.25 ng/mL,17-Nov,10:29,D3,0.11
BL21,wt,JOE2354,0.625 ng/mL,17-Nov,10:29,E2,0.62
BL21,Δ7,JOE6969,0.625 ng/mL,17-Nov,10:29,E3,0.113
BL21,wt,JOE2354,0.313 ng/mL,17-Nov,10:29,F2,1.013
BL21,Δ7,JOE6969,0.313 ng/mL,17-Nov,10:29,F3,0.24
BL21,wt,JOE2354,0.156 ng/mL,17-Nov,10:29,G2,1.103
BL21,Δ7,JOE6969,0.156 ng/mL,17-Nov,10:29,G3,0.622
BL21,wt,JOE2354,0 ng/mL,17-Nov,10:29,H2,1.107
BL21,Δ7,JOE6969,0 ng/mL,17-Nov,10:29,H3,0.914
BL21,wt,JOE2354,2.5 ng/mL,22-Nov,10:29,B2,0.108
BL21,Δ7,JOE6969,2.5 ng/mL,22-Nov,10:29,B3,0.145
BL21,wt,JOE2354,1.25 ng/mL,22-Nov,10:29,C2,0.118
BL21,Δ7,JOE6969,1.25 ng/mL,22-Nov,10:29,C3,0.102
BL21,wt,JOE2354,0.625 ng/mL,22-Nov,10:29,D2,0.672
BL21,Δ7,JOE6969,0.625 ng/mL,22-Nov,10:29,D3,0.107
BL21,wt,JOE2354,0.313 ng/mL,22-Nov,10:29,E2,1.01
BL21,Δ7,JOE6969,0.313 ng/mL,22-Nov,10:29,E3,0.17
BL21,wt,JOE2354,0.156 ng/mL,22-Nov,10:29,F2,1.087
BL21,Δ7,JOE6969,0.156 ng/mL,22-Nov,10:29,F3,0.471
BL21,wt,JOE2354,0.078 ng/mL,22-Nov,10:29,G2,1.094
BL21,Δ7,JOE6969,0.078 ng/mL,22-Nov,10:29,G3,0.664
BL21,wt,JOE2354,0 ng/mL,22-Nov,10:29,H2,1.094
BL21,Δ7,JOE6969,0 ng/mL,22-Nov,10:29,H3,0.844
BL21,wt,JOE2354,2.5 ng/mL,2-Dec,10:29,B2,0.11
BL21,Δ7,JOE6969,2.5 ng/mL,2-Dec,10:29,B3,0.144
BL21,wt,JOE2354,1.25 ng/mL,2-Dec,10:29,C2,0.144
BL21,Δ7,JOE6969,1.25 ng/mL,2-Dec,10:29,C3,0.104
BL21,wt,JOE2354,0.625 ng/mL,2-Dec,10:29,D2,0.787
BL21,Δ7,JOE6969,0.625 ng/mL,2-Dec,10:29,D3,0.107
BL21,wt,JOE2354,0.313 ng/mL,2-Dec,10:29,E2,1.05
BL21,Δ7,JOE6969,0.313 ng/mL,2-Dec,10:29,E3,0.253
BL21,wt,JOE2354,0.156 ng/mL,2-Dec,10:29,F2,1.105
BL21,Δ7,JOE6969,0.156 ng/mL,2-Dec,10:29,F3,0.569
BL21,wt,JOE2354,0.078 ng/mL,2-Dec,10:29,G2,1.109
BL21,Δ7,JOE6969,0.078 ng/mL,2-Dec,10:29,G3,0.785
BL21,wt,JOE2354,0 ng/mL,2-Dec,10:29,H2,1.087
BL21,Δ7,JOE6969,0 ng/mL,2-Dec,10:29,H3,0.88
BL21,wt,JOE2354,2.5 ng/mL,17-Nov,10:59,C2,0.115
BL21,Δ7,JOE6969,2.5 ng/mL,17-Nov,10:59,C3,0.184
BL21,wt,JOE2354,1.25 ng/mL,44882,10:59,D2,0.125
BL21,Δ7,JOE6969,1.25 ng/mL,17-Nov,10:59,D3,0.11
BL21,wt,JOE2354,0.625 ng/mL,17-Nov,10:59,E2,0.634
BL21,Δ7,JOE6969,0.625 ng/mL,17-Nov,10:59,E3,0.112
BL21,wt,JOE2354,0.313 ng/mL,17-Nov,10:59,F2,1.039
BL21,Δ7,JOE6969,0.313 ng/mL,17-Nov,10:59,F3,0.25
BL21,wt,JOE2354,0.156 ng/mL,17-Nov,10:59,G2,1.114
BL21,Δ7,JOE6969,0.156 ng/mL,17-Nov,10:59,G3,0.689
BL21,wt,JOE2354,0 ng/mL,17-Nov,10:59,H2,1.115
BL21,Δ7,JOE6969,0 ng/mL,17-Nov,10:59,H3,0.959
BL21,wt,JOE2354,2.5 ng/mL,22-Nov,10:59,B2,0.107
BL21,Δ7,JOE6969,2.5 ng/mL,22-Nov,10:59,B3,0.144
BL21,wt,JOE2354,1.25 ng/mL,22-Nov,10:59,C2,0.117
BL21,Δ7,JOE6969,1.25 ng/mL,22-Nov,10:59,C3,0.102
BL21,wt,JOE2354,0.625 ng/mL,22-Nov,10:59,D2,0.693
BL21,Δ7,JOE6969,0.625 ng/mL,22-Nov,10:59,D3,0.107
BL21,wt,JOE2354,0.313 ng/mL,22-Nov,10:59,E2,1.033
BL21,Δ7,JOE6969,0.313 ng/mL,22-Nov,10:59,E3,0.174
BL21,wt,JOE2354,0.156 ng/mL,22-Nov,10:59,F2,1.102
BL21,Δ7,JOE6969,0.156 ng/mL,22-Nov,10:59,F3,0.53
BL21,wt,JOE2354,0.078 ng/mL,22-Nov,10:59,G2,1.106
BL21,Δ7,JOE6969,0.078 ng/mL,22-Nov,10:59,G3,0.745
BL21,wt,JOE2354,0 ng/mL,22-Nov,10:59,H2,1.105
BL21,Δ7,JOE6969,0 ng/mL,22-Nov,10:59,H3,0.881
BL21,wt,JOE2354,2.5 ng/mL,2-Dec,10:59,B2,0.11
BL21,Δ7,JOE6969,2.5 ng/mL,2-Dec,10:59,B3,0.143
BL21,wt,JOE2354,1.25 ng/mL,2-Dec,10:59,C2,0.143
BL21,Δ7,JOE6969,1.25 ng/mL,2-Dec,10:59,C3,0.104
BL21,wt,JOE2354,0.625 ng/mL,2-Dec,10:59,D2,0.807
BL21,Δ7,JOE6969,0.625 ng/mL,2-Dec,10:59,D3,0.107
BL21,wt,JOE2354,0.313 ng/mL,2-Dec,10:59,E2,1.066
BL21,Δ7,JOE6969,0.313 ng/mL,2-Dec,10:59,E3,0.282
BL21,wt,JOE2354,0.156 ng/mL,2-Dec,10:59,F2,1.114
BL21,Δ7,JOE6969,0.156 ng/mL,2-Dec,10:59,F3,0.659
BL21,wt,JOE2354,0.078 ng/mL,2-Dec,10:59,G2,1.117
BL21,Δ7,JOE6969,0.078 ng/mL,2-Dec,10:59,G3,0.816
BL21,wt,JOE2354,0 ng/mL,2-Dec,10:59,H2,1.096
BL21,Δ7,JOE6969,0 ng/mL,2-Dec,10:59,H3,0.914
BL21,wt,JOE2354,2.5 ng/mL,17-Nov,11:29,C2,0.114
BL21,Δ7,JOE6969,2.5 ng/mL,17-Nov,11:29,C3,0.184
BL21,wt,JOE2354,1.25 ng/mL,44882,11:29,D2,0.123
BL21,Δ7,JOE6969,1.25 ng/mL,17-Nov,11:29,D3,0.11
BL21,wt,JOE2354,0.625 ng/mL,17-Nov,11:29,E2,0.647
BL21,Δ7,JOE6969,0.625 ng/mL,17-Nov,11:29,E3,0.111
BL21,wt,JOE2354,0.313 ng/mL,17-Nov,11:29,F2,1.054
BL21,Δ7,JOE6969,0.313 ng/mL,17-Nov,11:29,F3,0.263
BL21,wt,JOE2354,0.156 ng/mL,17-Nov,11:29,G2,1.121
BL21,Δ7,JOE6969,0.156 ng/mL,17-Nov,11:29,G3,0.719
BL21,wt,JOE2354,0 ng/mL,17-Nov,11:29,H2,1.121
BL21,Δ7,JOE6969,0 ng/mL,17-Nov,11:29,H3,0.989
BL21,wt,JOE2354,2.5 ng/mL,22-Nov,11:29,B2,0.107
BL21,Δ7,JOE6969,2.5 ng/mL,22-Nov,11:29,B3,0.144
BL21,wt,JOE2354,1.25 ng/mL,22-Nov,11:29,C2,0.117
BL21,Δ7,JOE6969,1.25 ng/mL,22-Nov,11:29,C3,0.102
BL21,wt,JOE2354,0.625 ng/mL,22-Nov,11:29,D2,0.717
BL21,Δ7,JOE6969,0.625 ng/mL,22-Nov,11:29,D3,0.107
BL21,wt,JOE2354,0.313 ng/mL,22-Nov,11:29,E2,1.049
BL21,Δ7,JOE6969,0.313 ng/mL,22-Nov,11:29,E3,0.182
BL21,wt,JOE2354,0.156 ng/mL,22-Nov,11:29,F2,1.109
BL21,Δ7,JOE6969,0.156 ng/mL,22-Nov,11:29,F3,0.577
BL21,wt,JOE2354,0.078 ng/mL,22-Nov,11:29,G2,1.115
BL21,Δ7,JOE6969,0.078 ng/mL,22-Nov,11:29,G3,0.783
BL21,wt,JOE2354,0 ng/mL,22-Nov,11:29,H2,1.113
BL21,Δ7,JOE6969,0 ng/mL,22-Nov,11:29,H3,0.921
BL21,wt,JOE2354,2.5 ng/mL,2-Dec,11:29,B2,0.111
BL21,Δ7,JOE6969,2.5 ng/mL,2-Dec,11:29,B3,0.143
BL21,wt,JOE2354,1.25 ng/mL,2-Dec,11:29,C2,0.142
BL21,Δ7,JOE6969,1.25 ng/mL,2-Dec,11:29,C3,0.104
BL21,wt,JOE2354,0.625 ng/mL,2-Dec,11:29,D2,0.826
BL21,Δ7,JOE6969,0.625 ng/mL,2-Dec,11:29,D3,0.107
BL21,wt,JOE2354,0.313 ng/mL,2-Dec,11:29,E2,1.074
BL21,Δ7,JOE6969,0.313 ng/mL,2-Dec,11:29,E3,0.299
BL21,wt,JOE2354,0.156 ng/mL,2-Dec,11:29,F2,1.121
BL21,Δ7,JOE6969,0.156 ng/mL,2-Dec,11:29,F3,0.707
BL21,wt,JOE2354,0.078 ng/mL,2-Dec,11:29,G2,1.125
BL21,Δ7,JOE6969,0.078 ng/mL,2-Dec,11:29,G3,0.845
BL21,wt,JOE2354,0 ng/mL,2-Dec,11:29,H2,1.101
BL21,Δ7,JOE6969,0 ng/mL,2-Dec,11:29,H3,0.953
BL21,wt,JOE2354,2.5 ng/mL,17-Nov,11:59,C2,0.113
BL21,Δ7,JOE6969,2.5 ng/mL,17-Nov,11:59,C3,0.179
BL21,wt,JOE2354,1.25 ng/mL,44882,11:59,D2,0.122
BL21,Δ7,JOE6969,1.25 ng/mL,17-Nov,11:59,D3,0.109
BL21,wt,JOE2354,0.625 ng/mL,17-Nov,11:59,E2,0.66
BL21,Δ7,JOE6969,0.625 ng/mL,17-Nov,11:59,E3,0.111
BL21,wt,JOE2354,0.313 ng/mL,17-Nov,11:59,F2,1.067
BL21,Δ7,JOE6969,0.313 ng/mL,17-Nov,11:59,F3,0.275
BL21,wt,JOE2354,0.156 ng/mL,17-Nov,11:59,G2,1.127
BL21,Δ7,JOE6969,0.156 ng/mL,17-Nov,11:59,G3,0.737
BL21,wt,JOE2354,0 ng/mL,17-Nov,11:59,H2,1.126
BL21,Δ7,JOE6969,0 ng/mL,17-Nov,11:59,H3,1.011
BL21,wt,JOE2354,2.5 ng/mL,22-Nov,11:59,B2,0.106
BL21,Δ7,JOE6969,2.5 ng/mL,22-Nov,11:59,B3,0.142
BL21,wt,JOE2354,1.25 ng/mL,22-Nov,11:59,C2,0.116
BL21,Δ7,JOE6969,1.25 ng/mL,22-Nov,11:59,C3,0.102
BL21,wt,JOE2354,0.625 ng/mL,22-Nov,11:59,D2,0.735
BL21,Δ7,JOE6969,0.625 ng/mL,22-Nov,11:59,D3,0.107
BL21,wt,JOE2354,0.313 ng/mL,22-Nov,11:59,E2,1.06
BL21,Δ7,JOE6969,0.313 ng/mL,22-Nov,11:59,E3,0.193
BL21,wt,JOE2354,0.156 ng/mL,22-Nov,11:59,F2,1.117
BL21,Δ7,JOE6969,0.156 ng/mL,22-Nov,11:59,F3,0.646
BL21,wt,JOE2354,0.078 ng/mL,22-Nov,11:59,G2,1.121
BL21,Δ7,JOE6969,0.078 ng/mL,22-Nov,11:59,G3,0.814
BL21,wt,JOE2354,0 ng/mL,22-Nov,11:59,H2,1.117
BL21,Δ7,JOE6969,0 ng/mL,22-Nov,11:59,H3,0.962
BL21,wt,JOE2354,2.5 ng/mL,2-Dec,11:59,B2,0.11
BL21,Δ7,JOE6969,2.5 ng/mL,2-Dec,11:59,B3,0.14
BL21,wt,JOE2354,1.25 ng/mL,2-Dec,11:59,C2,0.142
BL21,Δ7,JOE6969,1.25 ng/mL,2-Dec,11:59,C3,0.104
BL21,wt,JOE2354,0.625 ng/mL,2-Dec,11:59,D2,0.849
BL21,Δ7,JOE6969,0.625 ng/mL,2-Dec,11:59,D3,0.107
BL21,wt,JOE2354,0.313 ng/mL,2-Dec,11:59,E2,1.081
BL21,Δ7,JOE6969,0.313 ng/mL,2-Dec,11:59,E3,0.317
BL21,wt,JOE2354,0.156 ng/mL,2-Dec,11:59,F2,1.126
BL21,Δ7,JOE6969,0.156 ng/mL,2-Dec,11:59,F3,0.736
BL21,wt,JOE2354,0.078 ng/mL,2-Dec,11:59,G2,1.131
BL21,Δ7,JOE6969,0.078 ng/mL,2-Dec,11:59,G3,0.876
BL21,wt,JOE2354,0 ng/mL,2-Dec,11:59,H2,1.107
BL21,Δ7,JOE6969,0 ng/mL,2-Dec,11:59,H3,0.979
BL21,wt,JOE2354,2.5 ng/mL,17-Nov,12:29,C2,0.112
BL21,Δ7,JOE6969,2.5 ng/mL,17-Nov,12:29,C3,0.177
BL21,wt,JOE2354,1.25 ng/mL,44882,12:29,D2,0.121
BL21,Δ7,JOE6969,1.25 ng/mL,17-Nov,12:29,D3,0.109
BL21,wt,JOE2354,0.625 ng/mL,17-Nov,12:29,E2,0.679
BL21,Δ7,JOE6969,0.625 ng/mL,17-Nov,12:29,E3,0.111
BL21,wt,JOE2354,0.313 ng/mL,17-Nov,12:29,F2,1.079
BL21,Δ7,JOE6969,0.313 ng/mL,17-Nov,12:29,F3,0.29
BL21,wt,JOE2354,0.156 ng/mL,17-Nov,12:29,G2,1.133
BL21,Δ7,JOE6969,0.156 ng/mL,17-Nov,12:29,G3,0.77
BL21,wt,JOE2354,0 ng/mL,17-Nov,12:29,H2,1.132
BL21,Δ7,JOE6969,0 ng/mL,17-Nov,12:29,H3,1.024
BL21,wt,JOE2354,2.5 ng/mL,22-Nov,12:29,B2,0.107
BL21,Δ7,JOE6969,2.5 ng/mL,22-Nov,12:29,B3,0.141
BL21,wt,JOE2354,1.25 ng/mL,22-Nov,12:29,C2,0.116
BL21,Δ7,JOE6969,1.25 ng/mL,22-Nov,12:29,C3,0.102
BL21,wt,JOE2354,0.625 ng/mL,22-Nov,12:29,D2,0.755
BL21,Δ7,JOE6969,0.625 ng/mL,22-Nov,12:29,D3,0.107
BL21,wt,JOE2354,0.313 ng/mL,22-Nov,12:29,E2,1.062
BL21,Δ7,JOE6969,0.313 ng/mL,22-Nov,12:29,E3,0.2
BL21,wt,JOE2354,0.156 ng/mL,22-Nov,12:29,F2,1.123
BL21,Δ7,JOE6969,0.156 ng/mL,22-Nov,12:29,F3,0.688
BL21,wt,JOE2354,0.078 ng/mL,22-Nov,12:29,G2,1.125
BL21,Δ7,JOE6969,0.078 ng/mL,22-Nov,12:29,G3,0.845
BL21,wt,JOE2354,0 ng/mL,22-Nov,12:29,H2,1.124
BL21,Δ7,JOE6969,0 ng/mL,22-Nov,12:29,H3,0.993
BL21,wt,JOE2354,2.5 ng/mL,2-Dec,12:29,B2,0.109
BL21,Δ7,JOE6969,2.5 ng/mL,2-Dec,12:29,B3,0.14
BL21,wt,JOE2354,1.25 ng/mL,2-Dec,12:29,C2,0.141
BL21,Δ7,JOE6969,1.25 ng/mL,2-Dec,12:29,C3,0.103
BL21,wt,JOE2354,0.625 ng/mL,2-Dec,12:29,D2,0.868
BL21,Δ7,JOE6969,0.625 ng/mL,2-Dec,12:29,D3,0.108
BL21,wt,JOE2354,0.313 ng/mL,2-Dec,12:29,E2,1.092
BL21,Δ7,JOE6969,0.313 ng/mL,2-Dec,12:29,E3,0.337
BL21,wt,JOE2354,0.156 ng/mL,2-Dec,12:29,F2,1.132
BL21,Δ7,JOE6969,0.156 ng/mL,2-Dec,12:29,F3,0.774
BL21,wt,JOE2354,0.078 ng/mL,2-Dec,12:29,G2,1.135
BL21,Δ7,JOE6969,0.078 ng/mL,2-Dec,12:29,G3,0.908
BL21,wt,JOE2354,0 ng/mL,2-Dec,12:29,H2,1.112
BL21,Δ7,JOE6969,0 ng/mL,2-Dec,12:29,H3,0.999
BL21,wt,JOE2354,2.5 ng/mL,17-Nov,12:59,C2,0.111
BL21,Δ7,JOE6969,2.5 ng/mL,17-Nov,12:59,C3,0.175
BL21,wt,JOE2354,1.25 ng/mL,44882,12:59,D2,0.12
BL21,Δ7,JOE6969,1.25 ng/mL,17-Nov,12:59,D3,0.109
BL21,wt,JOE2354,0.625 ng/mL,17-Nov,12:59,E2,0.693
BL21,Δ7,JOE6969,0.625 ng/mL,17-Nov,12:59,E3,0.112
BL21,wt,JOE2354,0.313 ng/mL,17-Nov,12:59,F2,1.085
BL21,Δ7,JOE6969,0.313 ng/mL,17-Nov,12:59,F3,0.296
BL21,wt,JOE2354,0.156 ng/mL,17-Nov,12:59,G2,1.139
BL21,Δ7,JOE6969,0.156 ng/mL,17-Nov,12:59,G3,0.794
BL21,wt,JOE2354,0 ng/mL,17-Nov,12:59,H2,1.134
BL21,Δ7,JOE6969,0 ng/mL,17-Nov,12:59,H3,1.043
BL21,wt,JOE2354,2.5 ng/mL,22-Nov,12:59,B2,0.107
BL21,Δ7,JOE6969,2.5 ng/mL,22-Nov,12:59,B3,0.139
BL21,wt,JOE2354,1.25 ng/mL,22-Nov,12:59,C2,0.116
BL21,Δ7,JOE6969,1.25 ng/mL,22-Nov,12:59,C3,0.102
BL21,wt,JOE2354,0.625 ng/mL,22-Nov,12:59,D2,0.782
BL21,Δ7,JOE6969,0.625 ng/mL,22-Nov,12:59,D3,0.108
BL21,wt,JOE2354,0.313 ng/mL,22-Nov,12:59,E2,1.069
BL21,Δ7,JOE6969,0.313 ng/mL,22-Nov,12:59,E3,0.21
BL21,wt,JOE2354,0.156 ng/mL,22-Nov,12:59,F2,1.128
BL21,Δ7,JOE6969,0.156 ng/mL,22-Nov,12:59,F3,0.729
BL21,wt,JOE2354,0.078 ng/mL,22-Nov,12:59,G2,1.131
BL21,Δ7,JOE6969,0.078 ng/mL,22-Nov,12:59,G3,0.879
BL21,wt,JOE2354,0 ng/mL,22-Nov,12:59,H2,1.127
BL21,Δ7,JOE6969,0 ng/mL,22-Nov,12:59,H3,1.012
BL21,wt,JOE2354,2.5 ng/mL,2-Dec,12:59,B2,0.109
BL21,Δ7,JOE6969,2.5 ng/mL,2-Dec,12:59,B3,0.138
BL21,wt,JOE2354,1.25 ng/mL,2-Dec,12:59,C2,0.141
BL21,Δ7,JOE6969,1.25 ng/mL,2-Dec,12:59,C3,0.105
BL21,wt,JOE2354,0.625 ng/mL,2-Dec,12:59,D2,0.887
BL21,Δ7,JOE6969,0.625 ng/mL,2-Dec,12:59,D3,0.109
BL21,wt,JOE2354,0.313 ng/mL,2-Dec,12:59,E2,1.096
BL21,Δ7,JOE6969,0.313 ng/mL,2-Dec,12:59,E3,0.355
BL21,wt,JOE2354,0.156 ng/mL,2-Dec,12:59,F2,1.135
BL21,Δ7,JOE6969,0.156 ng/mL,2-Dec,12:59,F3,0.8
BL21,wt,JOE2354,0.078 ng/mL,2-Dec,12:59,G2,1.142
BL21,Δ7,JOE6969,0.078 ng/mL,2-Dec,12:59,G3,0.933
BL21,wt,JOE2354,0 ng/mL,2-Dec,12:59,H2,1.117
BL21,Δ7,JOE6969,0 ng/mL,2-Dec,12:59,H3,1.016
BL21,wt,JOE2354,2.5 ng/mL,17-Nov,13:29,C2,0.11
BL21,Δ7,JOE6969,2.5 ng/mL,17-Nov,13:29,C3,0.173
BL21,wt,JOE2354,1.25 ng/mL,44882,13:29,D2,0.122
BL21,Δ7,JOE6969,1.25 ng/mL,17-Nov,13:29,D3,0.109
BL21,wt,JOE2354,0.625 ng/mL,17-Nov,13:29,E2,0.709
BL21,Δ7,JOE6969,0.625 ng/mL,17-Nov,13:29,E3,0.112
BL21,wt,JOE2354,0.313 ng/mL,17-Nov,13:29,F2,1.089
BL21,Δ7,JOE6969,0.313 ng/mL,17-Nov,13:29,F3,0.304
BL21,wt,JOE2354,0.156 ng/mL,17-Nov,13:29,G2,1.142
BL21,Δ7,JOE6969,0.156 ng/mL,17-Nov,13:29,G3,0.827
BL21,wt,JOE2354,0 ng/mL,17-Nov,13:29,H2,1.139
BL21,Δ7,JOE6969,0 ng/mL,17-Nov,13:29,H3,1.054
BL21,wt,JOE2354,2.5 ng/mL,22-Nov,13:29,B2,0.108
BL21,Δ7,JOE6969,2.5 ng/mL,22-Nov,13:29,B3,0.137
BL21,wt,JOE2354,1.25 ng/mL,22-Nov,13:29,C2,0.118
BL21,Δ7,JOE6969,1.25 ng/mL,22-Nov,13:29,C3,0.102
BL21,wt,JOE2354,0.625 ng/mL,22-Nov,13:29,D2,0.8
BL21,Δ7,JOE6969,0.625 ng/mL,22-Nov,13:29,D3,0.109
BL21,wt,JOE2354,0.313 ng/mL,22-Nov,13:29,E2,1.079
BL21,Δ7,JOE6969,0.313 ng/mL,22-Nov,13:29,E3,0.221
BL21,wt,JOE2354,0.156 ng/mL,22-Nov,13:29,F2,1.133
BL21,Δ7,JOE6969,0.156 ng/mL,22-Nov,13:29,F3,0.758
BL21,wt,JOE2354,0.078 ng/mL,22-Nov,13:29,G2,1.134
BL21,Δ7,JOE6969,0.078 ng/mL,22-Nov,13:29,G3,0.905
BL21,wt,JOE2354,0 ng/mL,22-Nov,13:29,H2,1.131
BL21,Δ7,JOE6969,0 ng/mL,22-Nov,13:29,H3,1.023
BL21,wt,JOE2354,2.5 ng/mL,2-Dec,13:29,B2,0.109
BL21,Δ7,JOE6969,2.5 ng/mL,2-Dec,13:29,B3,0.136
BL21,wt,JOE2354,1.25 ng/mL,2-Dec,13:29,C2,0.142
BL21,Δ7,JOE6969,1.25 ng/mL,2-Dec,13:29,C3,0.105
BL21,wt,JOE2354,0.625 ng/mL,2-Dec,13:29,D2,0.905
BL21,Δ7,JOE6969,0.625 ng/mL,2-Dec,13:29,D3,0.111
BL21,wt,JOE2354,0.313 ng/mL,2-Dec,13:29,E2,1.1
BL21,Δ7,JOE6969,0.313 ng/mL,2-Dec,13:29,E3,0.383
BL21,wt,JOE2354,0.156 ng/mL,2-Dec,13:29,F2,1.14
BL21,Δ7,JOE6969,0.156 ng/mL,2-Dec,13:29,F3,0.828
BL21,wt,JOE2354,0.078 ng/mL,2-Dec,13:29,G2,1.144
BL21,Δ7,JOE6969,0.078 ng/mL,2-Dec,13:29,G3,0.951
BL21,wt,JOE2354,0 ng/mL,2-Dec,13:29,H2,1.121
BL21,Δ7,JOE6969,0 ng/mL,2-Dec,13:29,H3,1.032
BL21,wt,JOE2354,2.5 ng/mL,17-Nov,13:59,C2,0.111
BL21,Δ7,JOE6969,2.5 ng/mL,17-Nov,13:59,C3,0.17
BL21,wt,JOE2354,1.25 ng/mL,44882,13:59,D2,0.125
BL21,Δ7,JOE6969,1.25 ng/mL,17-Nov,13:59,D3,0.109
BL21,wt,JOE2354,0.625 ng/mL,17-Nov,13:59,E2,0.724
BL21,Δ7,JOE6969,0.625 ng/mL,17-Nov,13:59,E3,0.114
BL21,wt,JOE2354,0.313 ng/mL,17-Nov,13:59,F2,1.088
BL21,Δ7,JOE6969,0.313 ng/mL,17-Nov,13:59,F3,0.312
BL21,wt,JOE2354,0.156 ng/mL,17-Nov,13:59,G2,1.146
BL21,Δ7,JOE6969,0.156 ng/mL,17-Nov,13:59,G3,0.847
BL21,wt,JOE2354,0 ng/mL,17-Nov,13:59,H2,1.143
BL21,Δ7,JOE6969,0 ng/mL,17-Nov,13:59,H3,1.069
BL21,wt,JOE2354,2.5 ng/mL,22-Nov,13:59,B2,0.108
BL21,Δ7,JOE6969,2.5 ng/mL,22-Nov,13:59,B3,0.137
BL21,wt,JOE2354,1.25 ng/mL,22-Nov,13:59,C2,0.121
BL21,Δ7,JOE6969,1.25 ng/mL,22-Nov,13:59,C3,0.102
BL21,wt,JOE2354,0.625 ng/mL,22-Nov,13:59,D2,0.813
BL21,Δ7,JOE6969,0.625 ng/mL,22-Nov,13:59,D3,0.11
BL21,wt,JOE2354,0.313 ng/mL,22-Nov,13:59,E2,1.081
BL21,Δ7,JOE6969,0.313 ng/mL,22-Nov,13:59,E3,0.228
BL21,wt,JOE2354,0.156 ng/mL,22-Nov,13:59,F2,1.135
BL21,Δ7,JOE6969,0.156 ng/mL,22-Nov,13:59,F3,0.791
BL21,wt,JOE2354,0.078 ng/mL,22-Nov,13:59,G2,1.138
BL21,Δ7,JOE6969,0.078 ng/mL,22-Nov,13:59,G3,0.931
BL21,wt,JOE2354,0 ng/mL,22-Nov,13:59,H2,1.135
BL21,Δ7,JOE6969,0 ng/mL,22-Nov,13:59,H3,1.039
BL21,wt,JOE2354,2.5 ng/mL,2-Dec,13:59,B2,0.11
BL21,Δ7,JOE6969,2.5 ng/mL,2-Dec,13:59,B3,0.134
BL21,wt,JOE2354,1.25 ng/mL,2-Dec,13:59,C2,0.143
BL21,Δ7,JOE6969,1.25 ng/mL,2-Dec,13:59,C3,0.105
BL21,wt,JOE2354,0.625 ng/mL,2-Dec,13:59,D2,0.917
BL21,Δ7,JOE6969,0.625 ng/mL,2-Dec,13:59,D3,0.113
BL21,wt,JOE2354,0.313 ng/mL,2-Dec,13:59,E2,1.101
BL21,Δ7,JOE6969,0.313 ng/mL,2-Dec,13:59,E3,0.407
BL21,wt,JOE2354,0.156 ng/mL,2-Dec,13:59,F2,1.146
BL21,Δ7,JOE6969,0.156 ng/mL,2-Dec,13:59,F3,0.853
BL21,wt,JOE2354,0.078 ng/mL,2-Dec,13:59,G2,1.149
BL21,Δ7,JOE6969,0.078 ng/mL,2-Dec,13:59,G3,0.969
BL21,wt,JOE2354,0 ng/mL,2-Dec,13:59,H2,1.124
BL21,Δ7,JOE6969,0 ng/mL,2-Dec,13:59,H3,1.047
BL21,wt,JOE2354,2.5 ng/mL,17-Nov,14:29,C2,0.111
BL21,Δ7,JOE6969,2.5 ng/mL,17-Nov,14:29,C3,0.168
BL21,wt,JOE2354,1.25 ng/mL,44882,14:29,D2,0.132
BL21,Δ7,JOE6969,1.25 ng/mL,17-Nov,14:29,D3,0.108
BL21,wt,JOE2354,0.625 ng/mL,17-Nov,14:29,E2,0.74
BL21,Δ7,JOE6969,0.625 ng/mL,17-Nov,14:29,E3,0.116
BL21,wt,JOE2354,0.313 ng/mL,17-Nov,14:29,F2,1.099
BL21,Δ7,JOE6969,0.313 ng/mL,17-Nov,14:29,F3,0.324
BL21,wt,JOE2354,0.156 ng/mL,17-Nov,14:29,G2,1.15
BL21,Δ7,JOE6969,0.156 ng/mL,17-Nov,14:29,G3,0.871
BL21,wt,JOE2354,0 ng/mL,17-Nov,14:29,H2,1.146
BL21,Δ7,JOE6969,0 ng/mL,17-Nov,14:29,H3,1.081
BL21,wt,JOE2354,2.5 ng/mL,22-Nov,14:29,B2,0.109
BL21,Δ7,JOE6969,2.5 ng/mL,22-Nov,14:29,B3,0.134
BL21,wt,JOE2354,1.25 ng/mL,22-Nov,14:29,C2,0.125
BL21,Δ7,JOE6969,1.25 ng/mL,22-Nov,14:29,C3,0.106
BL21,wt,JOE2354,0.625 ng/mL,22-Nov,14:29,D2,0.835
BL21,Δ7,JOE6969,0.625 ng/mL,22-Nov,14:29,D3,0.112
BL21,wt,JOE2354,0.313 ng/mL,22-Nov,14:29,E2,1.087
BL21,Δ7,JOE6969,0.313 ng/mL,22-Nov,14:29,E3,0.238
BL21,wt,JOE2354,0.156 ng/mL,22-Nov,14:29,F2,1.14
BL21,Δ7,JOE6969,0.156 ng/mL,22-Nov,14:29,F3,0.819
BL21,wt,JOE2354,0.078 ng/mL,22-Nov,14:29,G2,1.142
BL21,Δ7,JOE6969,0.078 ng/mL,22-Nov,14:29,G3,0.95
BL21,wt,JOE2354,0 ng/mL,22-Nov,14:29,H2,1.138
BL21,Δ7,JOE6969,0 ng/mL,22-Nov,14:29,H3,1.054
BL21,wt,JOE2354,2.5 ng/mL,2-Dec,14:29,B2,0.114
BL21,Δ7,JOE6969,2.5 ng/mL,2-Dec,14:29,B3,0.131
BL21,wt,JOE2354,1.25 ng/mL,2-Dec,14:29,C2,0.147
BL21,Δ7,JOE6969,1.25 ng/mL,2-Dec,14:29,C3,0.105
BL21,wt,JOE2354,0.625 ng/mL,2-Dec,14:29,D2,0.922
BL21,Δ7,JOE6969,0.625 ng/mL,2-Dec,14:29,D3,0.117
BL21,wt,JOE2354,0.313 ng/mL,2-Dec,14:29,E2,1.106
BL21,Δ7,JOE6969,0.313 ng/mL,2-Dec,14:29,E3,0.425
BL21,wt,JOE2354,0.156 ng/mL,2-Dec,14:29,F2,1.148
BL21,Δ7,JOE6969,0.156 ng/mL,2-Dec,14:29,F3,0.876
BL21,wt,JOE2354,0.078 ng/mL,2-Dec,14:29,G2,1.152
BL21,Δ7,JOE6969,0.078 ng/mL,2-Dec,14:29,G3,0.985
BL21,wt,JOE2354,0 ng/mL,2-Dec,14:29,H2,1.128
BL21,Δ7,JOE6969,0 ng/mL,2-Dec,14:29,H3,1.059
BL21,wt,JOE2354,2.5 ng/mL,17-Nov,14:59,C2,0.113
BL21,Δ7,JOE6969,2.5 ng/mL,17-Nov,14:59,C3,0.164
BL21,wt,JOE2354,1.25 ng/mL,44882,14:59,D2,0.141
BL21,Δ7,JOE6969,1.25 ng/mL,17-Nov,14:59,D3,0.108
BL21,wt,JOE2354,0.625 ng/mL,17-Nov,14:59,E2,0.754
BL21,Δ7,JOE6969,0.625 ng/mL,17-Nov,14:59,E3,0.118
BL21,wt,JOE2354,0.313 ng/mL,17-Nov,14:59,F2,1.1
BL21,Δ7,JOE6969,0.313 ng/mL,17-Nov,14:59,F3,0.336
BL21,wt,JOE2354,0.156 ng/mL,17-Nov,14:59,G2,1.151
BL21,Δ7,JOE6969,0.156 ng/mL,17-Nov,14:59,G3,0.887
BL21,wt,JOE2354,0 ng/mL,17-Nov,14:59,H2,1.148
BL21,Δ7,JOE6969,0 ng/mL,17-Nov,14:59,H3,1.085
BL21,wt,JOE2354,2.5 ng/mL,22-Nov,14:59,B2,0.111
BL21,Δ7,JOE6969,2.5 ng/mL,22-Nov,14:59,B3,0.132
BL21,wt,JOE2354,1.25 ng/mL,22-Nov,14:59,C2,0.131
BL21,Δ7,JOE6969,1.25 ng/mL,22-Nov,14:59,C3,0.101
BL21,wt,JOE2354,0.625 ng/mL,22-Nov,14:59,D2,0.845
BL21,Δ7,JOE6969,0.625 ng/mL,22-Nov,14:59,D3,0.115
BL21,wt,JOE2354,0.313 ng/mL,22-Nov,14:59,E2,1.093
BL21,Δ7,JOE6969,0.313 ng/mL,22-Nov,14:59,E3,0.247
BL21,wt,JOE2354,0.156 ng/mL,22-Nov,14:59,F2,1.142
BL21,Δ7,JOE6969,0.156 ng/mL,22-Nov,14:59,F3,0.843
BL21,wt,JOE2354,0.078 ng/mL,22-Nov,14:59,G2,1.146
BL21,Δ7,JOE6969,0.078 ng/mL,22-Nov,14:59,G3,0.965
BL21,wt,JOE2354,0 ng/mL,22-Nov,14:59,H2,1.138
BL21,Δ7,JOE6969,0 ng/mL,22-Nov,14:59,H3,1.065
BL21,wt,JOE2354,2.5 ng/mL,2-Dec,14:59,B2,0.117
BL21,Δ7,JOE6969,2.5 ng/mL,2-Dec,14:59,B3,0.129
BL21,wt,JOE2354,1.25 ng/mL,2-Dec,14:59,C2,0.153
BL21,Δ7,JOE6969,1.25 ng/mL,2-Dec,14:59,C3,0.104
BL21,wt,JOE2354,0.625 ng/mL,2-Dec,14:59,D2,0.927
BL21,Δ7,JOE6969,0.625 ng/mL,2-Dec,14:59,D3,0.122
BL21,wt,JOE2354,0.313 ng/mL,2-Dec,14:59,E2,1.11
BL21,Δ7,JOE6969,0.313 ng/mL,2-Dec,14:59,E3,0.445
BL21,wt,JOE2354,0.156 ng/mL,2-Dec,14:59,F2,1.151
BL21,Δ7,JOE6969,0.156 ng/mL,2-Dec,14:59,F3,0.9
BL21,wt,JOE2354,0.078 ng/mL,2-Dec,14:59,G2,1.154
BL21,Δ7,JOE6969,0.078 ng/mL,2-Dec,14:59,G3,1.001
BL21,wt,JOE2354,0 ng/mL,2-Dec,14:59,H2,1.129
BL21,Δ7,JOE6969,0 ng/mL,2-Dec,14:59,H3,1.069
BL21,wt,JOE2354,2.5 ng/mL,17-Nov,15:29,C2,0.116
BL21,Δ7,JOE6969,2.5 ng/mL,17-Nov,15:29,C3,0.161
BL21,wt,JOE2354,1.25 ng/mL,44882,15:29,D2,0.158
BL21,Δ7,JOE6969,1.25 ng/mL,17-Nov,15:29,D3,0.108
BL21,wt,JOE2354,0.625 ng/mL,17-Nov,15:29,E2,0.769
BL21,Δ7,JOE6969,0.625 ng/mL,17-Nov,15:29,E3,0.121
BL21,wt,JOE2354,0.313 ng/mL,17-Nov,15:29,F2,1.108
BL21,Δ7,JOE6969,0.313 ng/mL,17-Nov,15:29,F3,0.347
BL21,wt,JOE2354,0.156 ng/mL,17-Nov,15:29,G2,1.155
BL21,Δ7,JOE6969,0.156 ng/mL,17-Nov,15:29,G3,0.9
BL21,wt,JOE2354,0 ng/mL,17-Nov,15:29,H2,1.152
BL21,Δ7,JOE6969,0 ng/mL,17-Nov,15:29,H3,1.095
BL21,wt,JOE2354,2.5 ng/mL,22-Nov,15:29,B2,0.114
BL21,Δ7,JOE6969,2.5 ng/mL,22-Nov,15:29,B3,0.13
BL21,wt,JOE2354,1.25 ng/mL,22-Nov,15:29,C2,0.143
BL21,Δ7,JOE6969,1.25 ng/mL,22-Nov,15:29,C3,0.102
BL21,wt,JOE2354,0.625 ng/mL,22-Nov,15:29,D2,0.865
BL21,Δ7,JOE6969,0.625 ng/mL,22-Nov,15:29,D3,0.12
BL21,wt,JOE2354,0.313 ng/mL,22-Nov,15:29,E2,1.092
BL21,Δ7,JOE6969,0.313 ng/mL,22-Nov,15:29,E3,0.253
BL21,wt,JOE2354,0.156 ng/mL,22-Nov,15:29,F2,1.146
BL21,Δ7,JOE6969,0.156 ng/mL,22-Nov,15:29,F3,0.874
BL21,wt,JOE2354,0.078 ng/mL,22-Nov,15:29,G2,1.148
BL21,Δ7,JOE6969,0.078 ng/mL,22-Nov,15:29,G3,0.982
BL21,wt,JOE2354,0 ng/mL,22-Nov,15:29,H2,1.144
BL21,Δ7,JOE6969,0 ng/mL,22-Nov,15:29,H3,1.076
BL21,wt,JOE2354,2.5 ng/mL,2-Dec,15:29,B2,0.121
BL21,Δ7,JOE6969,2.5 ng/mL,2-Dec,15:29,B3,0.126
BL21,wt,JOE2354,1.25 ng/mL,2-Dec,15:29,C2,0.16
BL21,Δ7,JOE6969,1.25 ng/mL,2-Dec,15:29,C3,0.105
BL21,wt,JOE2354,0.625 ng/mL,2-Dec,15:29,D2,0.931
BL21,Δ7,JOE6969,0.625 ng/mL,2-Dec,15:29,D3,0.129
BL21,wt,JOE2354,0.313 ng/mL,2-Dec,15:29,E2,1.112
BL21,Δ7,JOE6969,0.313 ng/mL,2-Dec,15:29,E3,0.472
BL21,wt,JOE2354,0.156 ng/mL,2-Dec,15:29,F2,1.152
BL21,Δ7,JOE6969,0.156 ng/mL,2-Dec,15:29,F3,0.913
BL21,wt,JOE2354,0.078 ng/mL,2-Dec,15:29,G2,1.156
BL21,Δ7,JOE6969,0.078 ng/mL,2-Dec,15:29,G3,1.005
BL21,wt,JOE2354,0 ng/mL,2-Dec,15:29,H2,1.131
BL21,Δ7,JOE6969,0 ng/mL,2-Dec,15:29,H3,1.076
BL21,wt,JOE2354,2.5 ng/mL,17-Nov,15:59,C2,0.12
BL21,Δ7,JOE6969,2.5 ng/mL,17-Nov,15:59,C3,0.156
BL21,wt,JOE2354,1.25 ng/mL,44882,15:59,D2,0.184
BL21,Δ7,JOE6969,1.25 ng/mL,17-Nov,15:59,D3,0.108
BL21,wt,JOE2354,0.625 ng/mL,17-Nov,15:59,E2,0.779
BL21,Δ7,JOE6969,0.625 ng/mL,17-Nov,15:59,E3,0.126
BL21,wt,JOE2354,0.313 ng/mL,17-Nov,15:59,F2,1.113
BL21,Δ7,JOE6969,0.313 ng/mL,17-Nov,15:59,F3,0.359
BL21,wt,JOE2354,0.156 ng/mL,17-Nov,15:59,G2,1.158
BL21,Δ7,JOE6969,0.156 ng/mL,17-Nov,15:59,G3,0.914
BL21,wt,JOE2354,0 ng/mL,17-Nov,15:59,H2,1.153
BL21,Δ7,JOE6969,0 ng/mL,17-Nov,15:59,H3,1.097
BL21,wt,JOE2354,2.5 ng/mL,22-Nov,15:59,B2,0.119
BL21,Δ7,JOE6969,2.5 ng/mL,22-Nov,15:59,B3,0.127
BL21,wt,JOE2354,1.25 ng/mL,22-Nov,15:59,C2,0.161
BL21,Δ7,JOE6969,1.25 ng/mL,22-Nov,15:59,C3,0.102
BL21,wt,JOE2354,0.625 ng/mL,22-Nov,15:59,D2,0.869
BL21,Δ7,JOE6969,0.625 ng/mL,22-Nov,15:59,D3,0.126
BL21,wt,JOE2354,0.313 ng/mL,22-Nov,15:59,E2,1.099
BL21,Δ7,JOE6969,0.313 ng/mL,22-Nov,15:59,E3,0.259
BL21,wt,JOE2354,0.156 ng/mL,22-Nov,15:59,F2,1.149
BL21,Δ7,JOE6969,0.156 ng/mL,22-Nov,15:59,F3,0.89
BL21,wt,JOE2354,0.078 ng/mL,22-Nov,15:59,G2,1.15
BL21,Δ7,JOE6969,0.078 ng/mL,22-Nov,15:59,G3,0.995
BL21,wt,JOE2354,0 ng/mL,22-Nov,15:59,H2,1.147
BL21,Δ7,JOE6969,0 ng/mL,22-Nov,15:59,H3,1.087
BL21,wt,JOE2354,2.5 ng/mL,2-Dec,15:59,B2,0.13
BL21,Δ7,JOE6969,2.5 ng/mL,2-Dec,15:59,B3,0.124
BL21,wt,JOE2354,1.25 ng/mL,2-Dec,15:59,C2,0.172
BL21,Δ7,JOE6969,1.25 ng/mL,2-Dec,15:59,C3,0.105
BL21,wt,JOE2354,0.625 ng/mL,2-Dec,15:59,D2,0.944
BL21,Δ7,JOE6969,0.625 ng/mL,2-Dec,15:59,D3,0.139
BL21,wt,JOE2354,0.313 ng/mL,2-Dec,15:59,E2,1.116
BL21,Δ7,JOE6969,0.313 ng/mL,2-Dec,15:59,E3,0.495
BL21,wt,JOE2354,0.156 ng/mL,2-Dec,15:59,F2,1.154
BL21,Δ7,JOE6969,0.156 ng/mL,2-Dec,15:59,F3,0.93
BL21,wt,JOE2354,0.078 ng/mL,2-Dec,15:59,G2,1.16
BL21,Δ7,JOE6969,0.078 ng/mL,2-Dec,15:59,G3,1.022
BL21,wt,JOE2354,0 ng/mL,2-Dec,15:59,H2,1.134
BL21,Δ7,JOE6969,0 ng/mL,2-Dec,15:59,H3,1.083
BL21,wt,JOE2354,2.5 ng/mL,17-Nov,16:29,C2,0.126
BL21,Δ7,JOE6969,2.5 ng/mL,17-Nov,16:29,C3,0.152
BL21,wt,JOE2354,1.25 ng/mL,44882,16:29,D2,0.218
BL21,Δ7,JOE6969,1.25 ng/mL,17-Nov,16:29,D3,0.109
BL21,wt,JOE2354,0.625 ng/mL,17-Nov,16:29,E2,0.784
BL21,Δ7,JOE6969,0.625 ng/mL,17-Nov,16:29,E3,0.131
BL21,wt,JOE2354,0.313 ng/mL,17-Nov,16:29,F2,1.114
BL21,Δ7,JOE6969,0.313 ng/mL,17-Nov,16:29,F3,0.372
BL21,wt,JOE2354,0.156 ng/mL,17-Nov,16:29,G2,1.159
BL21,Δ7,JOE6969,0.156 ng/mL,17-Nov,16:29,G3,0.926
BL21,wt,JOE2354,0 ng/mL,17-Nov,16:29,H2,1.155
BL21,Δ7,JOE6969,0 ng/mL,17-Nov,16:29,H3,1.104
BL21,wt,JOE2354,2.5 ng/mL,22-Nov,16:29,B2,0.126
BL21,Δ7,JOE6969,2.5 ng/mL,22-Nov,16:29,B3,0.124
BL21,wt,JOE2354,1.25 ng/mL,22-Nov,16:29,C2,0.186
BL21,Δ7,JOE6969,1.25 ng/mL,22-Nov,16:29,C3,0.102
BL21,wt,JOE2354,0.625 ng/mL,22-Nov,16:29,D2,0.883
BL21,Δ7,JOE6969,0.625 ng/mL,22-Nov,16:29,D3,0.134
BL21,wt,JOE2354,0.313 ng/mL,22-Nov,16:29,E2,1.1
BL21,Δ7,JOE6969,0.313 ng/mL,22-Nov,16:29,E3,0.259
BL21,wt,JOE2354,0.156 ng/mL,22-Nov,16:29,F2,1.149
BL21,Δ7,JOE6969,0.156 ng/mL,22-Nov,16:29,F3,0.91
BL21,wt,JOE2354,0.078 ng/mL,22-Nov,16:29,G2,1.152
BL21,Δ7,JOE6969,0.078 ng/mL,22-Nov,16:29,G3,1.002
BL21,wt,JOE2354,0 ng/mL,22-Nov,16:29,H2,1.148
BL21,Δ7,JOE6969,0 ng/mL,22-Nov,16:29,H3,1.088
BL21,wt,JOE2354,2.5 ng/mL,2-Dec,16:29,B2,0.143
BL21,Δ7,JOE6969,2.5 ng/mL,2-Dec,16:29,B3,0.12
BL21,wt,JOE2354,1.25 ng/mL,2-Dec,16:29,C2,0.184
BL21,Δ7,JOE6969,1.25 ng/mL,2-Dec,16:29,C3,0.105
BL21,wt,JOE2354,0.625 ng/mL,2-Dec,16:29,D2,0.945
BL21,Δ7,JOE6969,0.625 ng/mL,2-Dec,16:29,D3,0.153
BL21,wt,JOE2354,0.313 ng/mL,2-Dec,16:29,E2,1.116
BL21,Δ7,JOE6969,0.313 ng/mL,2-Dec,16:29,E3,0.509
BL21,wt,JOE2354,0.156 ng/mL,2-Dec,16:29,F2,1.156
BL21,Δ7,JOE6969,0.156 ng/mL,2-Dec,16:29,F3,0.941
BL21,wt,JOE2354,0.078 ng/mL,2-Dec,16:29,G2,1.161
BL21,Δ7,JOE6969,0.078 ng/mL,2-Dec,16:29,G3,1.024
BL21,wt,JOE2354,0 ng/mL,2-Dec,16:29,H2,1.134
BL21,Δ7,JOE6969,0 ng/mL,2-Dec,16:29,H3,1.082
BL21,wt,JOE2354,2.5 ng/mL,17-Nov,16:59,C2,0.135
BL21,Δ7,JOE6969,2.5 ng/mL,17-Nov,16:59,C3,0.147
BL21,wt,JOE2354,1.25 ng/mL,44882,16:59,D2,0.259
BL21,Δ7,JOE6969,1.25 ng/mL,17-Nov,16:59,D3,0.109
BL21,wt,JOE2354,0.625 ng/mL,17-Nov,16:59,E2,0.803
BL21,Δ7,JOE6969,0.625 ng/mL,17-Nov,16:59,E3,0.14
BL21,wt,JOE2354,0.313 ng/mL,17-Nov,16:59,F2,1.118
BL21,Δ7,JOE6969,0.313 ng/mL,17-Nov,16:59,F3,0.387
BL21,wt,JOE2354,0.156 ng/mL,17-Nov,16:59,G2,1.162
BL21,Δ7,JOE6969,0.156 ng/mL,17-Nov,16:59,G3,0.937
BL21,wt,JOE2354,0 ng/mL,17-Nov,16:59,H2,1.159
BL21,Δ7,JOE6969,0 ng/mL,17-Nov,16:59,H3,1.105
BL21,wt,JOE2354,2.5 ng/mL,22-Nov,16:59,B2,0.136
BL21,Δ7,JOE6969,2.5 ng/mL,22-Nov,16:59,B3,0.122
BL21,wt,JOE2354,1.25 ng/mL,22-Nov,16:59,C2,0.216
BL21,Δ7,JOE6969,1.25 ng/mL,22-Nov,16:59,C3,0.102
BL21,wt,JOE2354,0.625 ng/mL,22-Nov,16:59,D2,0.884
BL21,Δ7,JOE6969,0.625 ng/mL,22-Nov,16:59,D3,0.145
BL21,wt,JOE2354,0.313 ng/mL,22-Nov,16:59,E2,1.108
BL21,Δ7,JOE6969,0.313 ng/mL,22-Nov,16:59,E3,0.268
BL21,wt,JOE2354,0.156 ng/mL,22-Nov,16:59,F2,1.154
BL21,Δ7,JOE6969,0.156 ng/mL,22-Nov,16:59,F3,0.925
BL21,wt,JOE2354,0.078 ng/mL,22-Nov,16:59,G2,1.154
BL21,Δ7,JOE6969,0.078 ng/mL,22-Nov,16:59,G3,1.015
BL21,wt,JOE2354,0 ng/mL,22-Nov,16:59,H2,1.15
BL21,Δ7,JOE6969,0 ng/mL,22-Nov,16:59,H3,1.097
BL21,wt,JOE2354,2.5 ng/mL,2-Dec,16:59,B2,0.162
BL21,Δ7,JOE6969,2.5 ng/mL,2-Dec,16:59,B3,0.117
BL21,wt,JOE2354,1.25 ng/mL,2-Dec,16:59,C2,0.203
BL21,Δ7,JOE6969,1.25 ng/mL,2-Dec,16:59,C3,0.105
BL21,wt,JOE2354,0.625 ng/mL,2-Dec,16:59,D2,0.949
BL21,Δ7,JOE6969,0.625 ng/mL,2-Dec,16:59,D3,0.173
BL21,wt,JOE2354,0.313 ng/mL,2-Dec,16:59,E2,1.117
BL21,Δ7,JOE6969,0.313 ng/mL,2-Dec,16:59,E3,0.523
BL21,wt,JOE2354,0.156 ng/mL,2-Dec,16:59,F2,1.158
BL21,Δ7,JOE6969,0.156 ng/mL,2-Dec,16:59,F3,0.952
BL21,wt,JOE2354,0.078 ng/mL,2-Dec,16:59,G2,1.162
BL21,Δ7,JOE6969,0.078 ng/mL,2-Dec,16:59,G3,1.032
BL21,wt,JOE2354,0 ng/mL,2-Dec,16:59,H2,1.136
BL21,Δ7,JOE6969,0 ng/mL,2-Dec,16:59,H3,1.087
BL21,wt,JOE2354,2.5 ng/mL,17-Nov,17:29,C2,0.147
BL21,Δ7,JOE6969,2.5 ng/mL,17-Nov,17:29,C3,0.14
BL21,wt,JOE2354,1.25 ng/mL,44882,17:29,D2,0.31
BL21,Δ7,JOE6969,1.25 ng/mL,17-Nov,17:29,D3,0.109
BL21,wt,JOE2354,0.625 ng/mL,17-Nov,17:29,E2,0.802
BL21,Δ7,JOE6969,0.625 ng/mL,17-Nov,17:29,E3,0.15
BL21,wt,JOE2354,0.313 ng/mL,17-Nov,17:29,F2,1.119
BL21,Δ7,JOE6969,0.313 ng/mL,17-Nov,17:29,F3,0.398
BL21,wt,JOE2354,0.156 ng/mL,17-Nov,17:29,G2,1.162
BL21,Δ7,JOE6969,0.156 ng/mL,17-Nov,17:29,G3,0.943
BL21,wt,JOE2354,0 ng/mL,17-Nov,17:29,H2,1.159
BL21,Δ7,JOE6969,0 ng/mL,17-Nov,17:29,H3,1.106
BL21,wt,JOE2354,2.5 ng/mL,22-Nov,17:29,B2,0.15
BL21,Δ7,JOE6969,2.5 ng/mL,22-Nov,17:29,B3,0.119
BL21,wt,JOE2354,1.25 ng/mL,22-Nov,17:29,C2,0.259
BL21,Δ7,JOE6969,1.25 ng/mL,22-Nov,17:29,C3,0.102
BL21,wt,JOE2354,0.625 ng/mL,22-Nov,17:29,D2,0.881
BL21,Δ7,JOE6969,0.625 ng/mL,22-Nov,17:29,D3,0.158
BL21,wt,JOE2354,0.313 ng/mL,22-Nov,17:29,E2,1.103
BL21,Δ7,JOE6969,0.313 ng/mL,22-Nov,17:29,E3,0.272
BL21,wt,JOE2354,0.156 ng/mL,22-Nov,17:29,F2,1.152
BL21,Δ7,JOE6969,0.156 ng/mL,22-Nov,17:29,F3,0.936
BL21,wt,JOE2354,0.078 ng/mL,22-Nov,17:29,G2,1.155
BL21,Δ7,JOE6969,0.078 ng/mL,22-Nov,17:29,G3,1.023
BL21,wt,JOE2354,0 ng/mL,22-Nov,17:29,H2,1.151
BL21,Δ7,JOE6969,0 ng/mL,22-Nov,17:29,H3,1.094
BL21,wt,JOE2354,2.5 ng/mL,2-Dec,17:29,B2,0.187
BL21,Δ7,JOE6969,2.5 ng/mL,2-Dec,17:29,B3,0.114
BL21,wt,JOE2354,1.25 ng/mL,2-Dec,17:29,C2,0.227
BL21,Δ7,JOE6969,1.25 ng/mL,2-Dec,17:29,C3,0.105
BL21,wt,JOE2354,0.625 ng/mL,2-Dec,17:29,D2,0.95
BL21,Δ7,JOE6969,0.625 ng/mL,2-Dec,17:29,D3,0.201
BL21,wt,JOE2354,0.313 ng/mL,2-Dec,17:29,E2,1.119
BL21,Δ7,JOE6969,0.313 ng/mL,2-Dec,17:29,E3,0.537
BL21,wt,JOE2354,0.156 ng/mL,2-Dec,17:29,F2,1.16
BL21,Δ7,JOE6969,0.156 ng/mL,2-Dec,17:29,F3,0.96
BL21,wt,JOE2354,0.078 ng/mL,2-Dec,17:29,G2,1.163
BL21,Δ7,JOE6969,0.078 ng/mL,2-Dec,17:29,G3,1.036
BL21,wt,JOE2354,0 ng/mL,2-Dec,17:29,H2,1.137
BL21,Δ7,JOE6969,0 ng/mL,2-Dec,17:29,H3,1.086
BL21,wt,JOE2354,2.5 ng/mL,17-Nov,17:59,C2,0.165
BL21,Δ7,JOE6969,2.5 ng/mL,17-Nov,17:59,C3,0.134
BL21,wt,JOE2354,1.25 ng/mL,44882,17:59,D2,0.359
BL21,Δ7,JOE6969,1.25 ng/mL,17-Nov,17:59,D3,0.109
BL21,wt,JOE2354,0.625 ng/mL,17-Nov,17:59,E2,0.806
BL21,Δ7,JOE6969,0.625 ng/mL,17-Nov,17:59,E3,0.162
BL21,wt,JOE2354,0.313 ng/mL,17-Nov,17:59,F2,1.121
BL21,Δ7,JOE6969,0.313 ng/mL,17-Nov,17:59,F3,0.411
BL21,wt,JOE2354,0.156 ng/mL,17-Nov,17:59,G2,1.164
BL21,Δ7,JOE6969,0.156 ng/mL,17-Nov,17:59,G3,0.951
BL21,wt,JOE2354,0 ng/mL,17-Nov,17:59,H2,1.16
BL21,Δ7,JOE6969,0 ng/mL,17-Nov,17:59,H3,1.106
BL21,wt,JOE2354,2.5 ng/mL,22-Nov,17:59,B2,0.171
BL21,Δ7,JOE6969,2.5 ng/mL,22-Nov,17:59,B3,0.115
BL21,wt,JOE2354,1.25 ng/mL,22-Nov,17:59,C2,0.307
BL21,Δ7,JOE6969,1.25 ng/mL,22-Nov,17:59,C3,0.102
BL21,wt,JOE2354,0.625 ng/mL,22-Nov,17:59,D2,0.886
BL21,Δ7,JOE6969,0.625 ng/mL,22-Nov,17:59,D3,0.179
BL21,wt,JOE2354,0.313 ng/mL,22-Nov,17:59,E2,1.105
BL21,Δ7,JOE6969,0.313 ng/mL,22-Nov,17:59,E3,0.273
BL21,wt,JOE2354,0.156 ng/mL,22-Nov,17:59,F2,1.154
BL21,Δ7,JOE6969,0.156 ng/mL,22-Nov,17:59,F3,0.947
BL21,wt,JOE2354,0.078 ng/mL,22-Nov,17:59,G2,1.157
BL21,Δ7,JOE6969,0.078 ng/mL,22-Nov,17:59,G3,1.033
BL21,wt,JOE2354,0 ng/mL,22-Nov,17:59,H2,1.152
BL21,Δ7,JOE6969,0 ng/mL,22-Nov,17:59,H3,1.098
BL21,wt,JOE2354,2.5 ng/mL,2-Dec,17:59,B2,0.216
BL21,Δ7,JOE6969,2.5 ng/mL,2-Dec,17:59,B3,0.112
BL21,wt,JOE2354,1.25 ng/mL,2-Dec,17:59,C2,0.254
BL21,Δ7,JOE6969,1.25 ng/mL,2-Dec,17:59,C3,0.105
BL21,wt,JOE2354,0.625 ng/mL,2-Dec,17:59,D2,0.948
BL21,Δ7,JOE6969,0.625 ng/mL,2-Dec,17:59,D3,0.233
BL21,wt,JOE2354,0.313 ng/mL,2-Dec,17:59,E2,1.119
BL21,Δ7,JOE6969,0.313 ng/mL,2-Dec,17:59,E3,0.554
BL21,wt,JOE2354,0.156 ng/mL,2-Dec,17:59,F2,1.161
BL21,Δ7,JOE6969,0.156 ng/mL,2-Dec,17:59,F3,0.962
BL21,wt,JOE2354,0.078 ng/mL,2-Dec,17:59,G2,1.164
BL21,Δ7,JOE6969,0.078 ng/mL,2-Dec,17:59,G3,1.037
BL21,wt,JOE2354,0 ng/mL,2-Dec,17:59,H2,1.138
BL21,Δ7,JOE6969,0 ng/mL,2-Dec,17:59,H3,1.088
BL21,wt,JOE2354,2.5 ng/mL,17-Nov,18:29,C2,0.183
BL21,Δ7,JOE6969,2.5 ng/mL,17-Nov,18:29,C3,0.129
BL21,wt,JOE2354,1.25 ng/mL,44882,18:29,D2,0.409
BL21,Δ7,JOE6969,1.25 ng/mL,17-Nov,18:29,D3,0.109
BL21,wt,JOE2354,0.625 ng/mL,17-Nov,18:29,E2,0.812
BL21,Δ7,JOE6969,0.625 ng/mL,17-Nov,18:29,E3,0.179
BL21,wt,JOE2354,0.313 ng/mL,17-Nov,18:29,F2,1.123
BL21,Δ7,JOE6969,0.313 ng/mL,17-Nov,18:29,F3,0.422
BL21,wt,JOE2354,0.156 ng/mL,17-Nov,18:29,G2,1.167
BL21,Δ7,JOE6969,0.156 ng/mL,17-Nov,18:29,G3,0.956
BL21,wt,JOE2354,0 ng/mL,17-Nov,18:29,H2,1.161
BL21,Δ7,JOE6969,0 ng/mL,17-Nov,18:29,H3,1.106
BL21,wt,JOE2354,2.5 ng/mL,22-Nov,18:29,B2,0.2
BL21,Δ7,JOE6969,2.5 ng/mL,22-Nov,18:29,B3,0.112
BL21,wt,JOE2354,1.25 ng/mL,22-Nov,18:29,C2,0.351
BL21,Δ7,JOE6969,1.25 ng/mL,22-Nov,18:29,C3,0.102
BL21,wt,JOE2354,0.625 ng/mL,22-Nov,18:29,D2,0.89
BL21,Δ7,JOE6969,0.625 ng/mL,22-Nov,18:29,D3,0.206
BL21,wt,JOE2354,0.313 ng/mL,22-Nov,18:29,E2,1.108
BL21,Δ7,JOE6969,0.313 ng/mL,22-Nov,18:29,E3,0.281
BL21,wt,JOE2354,0.156 ng/mL,22-Nov,18:29,F2,1.155
BL21,Δ7,JOE6969,0.156 ng/mL,22-Nov,18:29,F3,0.959
BL21,wt,JOE2354,0.078 ng/mL,22-Nov,18:29,G2,1.155
BL21,Δ7,JOE6969,0.078 ng/mL,22-Nov,18:29,G3,1.036
BL21,wt,JOE2354,0 ng/mL,22-Nov,18:29,H2,1.152
BL21,Δ7,JOE6969,0 ng/mL,22-Nov,18:29,H3,1.102
BL21,wt,JOE2354,2.5 ng/mL,2-Dec,18:29,B2,0.256
BL21,Δ7,JOE6969,2.5 ng/mL,2-Dec,18:29,B3,0.11
BL21,wt,JOE2354,1.25 ng/mL,2-Dec,18:29,C2,0.288
BL21,Δ7,JOE6969,1.25 ng/mL,2-Dec,18:29,C3,0.105
BL21,wt,JOE2354,0.625 ng/mL,2-Dec,18:29,D2,0.949
BL21,Δ7,JOE6969,0.625 ng/mL,2-Dec,18:29,D3,0.269
BL21,wt,JOE2354,0.313 ng/mL,2-Dec,18:29,E2,1.121
BL21,Δ7,JOE6969,0.313 ng/mL,2-Dec,18:29,E3,0.566
BL21,wt,JOE2354,0.156 ng/mL,2-Dec,18:29,F2,1.163
BL21,Δ7,JOE6969,0.156 ng/mL,2-Dec,18:29,F3,0.97
BL21,wt,JOE2354,0.078 ng/mL,2-Dec,18:29,G2,1.166
BL21,Δ7,JOE6969,0.078 ng/mL,2-Dec,18:29,G3,1.041
BL21,wt,JOE2354,0 ng/mL,2-Dec,18:29,H2,1.14
BL21,Δ7,JOE6969,0 ng/mL,2-Dec,18:29,H3,1.086
BL21,wt,JOE2354,2.5 ng/mL,17-Nov,18:59,C2,0.206
BL21,Δ7,JOE6969,2.5 ng/mL,17-Nov,18:59,C3,0.126
BL21,wt,JOE2354,1.25 ng/mL,44882,18:59,D2,0.466
BL21,Δ7,JOE6969,1.25 ng/mL,17-Nov,18:59,D3,0.109
BL21,wt,JOE2354,0.625 ng/mL,17-Nov,18:59,E2,0.816
BL21,Δ7,JOE6969,0.625 ng/mL,17-Nov,18:59,E3,0.2
BL21,wt,JOE2354,0.313 ng/mL,17-Nov,18:59,F2,1.125
BL21,Δ7,JOE6969,0.313 ng/mL,17-Nov,18:59,F3,0.433
BL21,wt,JOE2354,0.156 ng/mL,17-Nov,18:59,G2,1.168
BL21,Δ7,JOE6969,0.156 ng/mL,17-Nov,18:59,G3,0.963
BL21,wt,JOE2354,0 ng/mL,17-Nov,18:59,H2,1.162
BL21,Δ7,JOE6969,0 ng/mL,17-Nov,18:59,H3,1.108
BL21,wt,JOE2354,2.5 ng/mL,22-Nov,18:59,B2,0.234
BL21,Δ7,JOE6969,2.5 ng/mL,22-Nov,18:59,B3,0.11
BL21,wt,JOE2354,1.25 ng/mL,22-Nov,18:59,C2,0.407
BL21,Δ7,JOE6969,1.25 ng/mL,22-Nov,18:59,C3,0.102
BL21,wt,JOE2354,0.625 ng/mL,22-Nov,18:59,D2,0.894
BL21,Δ7,JOE6969,0.625 ng/mL,22-Nov,18:59,D3,0.244
BL21,wt,JOE2354,0.313 ng/mL,22-Nov,18:59,E2,1.105
BL21,Δ7,JOE6969,0.313 ng/mL,22-Nov,18:59,E3,0.288
BL21,wt,JOE2354,0.156 ng/mL,22-Nov,18:59,F2,1.157
BL21,Δ7,JOE6969,0.156 ng/mL,22-Nov,18:59,F3,0.964
BL21,wt,JOE2354,0.078 ng/mL,22-Nov,18:59,G2,1.157
BL21,Δ7,JOE6969,0.078 ng/mL,22-Nov,18:59,G3,1.041
BL21,wt,JOE2354,0 ng/mL,22-Nov,18:59,H2,1.153
BL21,Δ7,JOE6969,0 ng/mL,22-Nov,18:59,H3,1.1
BL21,wt,JOE2354,2.5 ng/mL,2-Dec,18:59,B2,0.291
BL21,Δ7,JOE6969,2.5 ng/mL,2-Dec,18:59,B3,0.109
BL21,wt,JOE2354,1.25 ng/mL,2-Dec,18:59,C2,0.329
BL21,Δ7,JOE6969,1.25 ng/mL,2-Dec,18:59,C3,0.106
BL21,wt,JOE2354,0.625 ng/mL,2-Dec,18:59,D2,0.947
BL21,Δ7,JOE6969,0.625 ng/mL,2-Dec,18:59,D3,0.312
BL21,wt,JOE2354,0.313 ng/mL,2-Dec,18:59,E2,1.121
BL21,Δ7,JOE6969,0.313 ng/mL,2-Dec,18:59,E3,0.582
BL21,wt,JOE2354,0.156 ng/mL,2-Dec,18:59,F2,1.162
BL21,Δ7,JOE6969,0.156 ng/mL,2-Dec,18:59,F3,0.975
BL21,wt,JOE2354,0.078 ng/mL,2-Dec,18:59,G2,1.168
BL21,Δ7,JOE6969,0.078 ng/mL,2-Dec,18:59,G3,1.039
BL21,wt,JOE2354,0 ng/mL,2-Dec,18:59,H2,1.14
BL21,Δ7,JOE6969,0 ng/mL,2-Dec,18:59,H3,1.088
BL21,wt,JOE2354,2.5 ng/mL,17-Nov,19:29,C2,0.226
BL21,Δ7,JOE6969,2.5 ng/mL,17-Nov,19:29,C3,0.125
BL21,wt,JOE2354,1.25 ng/mL,44882,19:29,D2,0.512
BL21,Δ7,JOE6969,1.25 ng/mL,17-Nov,19:29,D3,0.109
BL21,wt,JOE2354,0.625 ng/mL,17-Nov,19:29,E2,0.821
BL21,Δ7,JOE6969,0.625 ng/mL,17-Nov,19:29,E3,0.222
BL21,wt,JOE2354,0.313 ng/mL,17-Nov,19:29,F2,1.124
BL21,Δ7,JOE6969,0.313 ng/mL,17-Nov,19:29,F3,0.444
BL21,wt,JOE2354,0.156 ng/mL,17-Nov,19:29,G2,1.168
BL21,Δ7,JOE6969,0.156 ng/mL,17-Nov,19:29,G3,0.966
BL21,wt,JOE2354,0 ng/mL,17-Nov,19:29,H2,1.164
BL21,Δ7,JOE6969,0 ng/mL,17-Nov,19:29,H3,1.105
BL21,wt,JOE2354,2.5 ng/mL,22-Nov,19:29,B2,0.269
BL21,Δ7,JOE6969,2.5 ng/mL,22-Nov,19:29,B3,0.108
BL21,wt,JOE2354,1.25 ng/mL,22-Nov,19:29,C2,0.47
BL21,Δ7,JOE6969,1.25 ng/mL,22-Nov,19:29,C3,0.106
BL21,wt,JOE2354,0.625 ng/mL,22-Nov,19:29,D2,0.888
BL21,Δ7,JOE6969,0.625 ng/mL,22-Nov,19:29,D3,0.282
BL21,wt,JOE2354,0.313 ng/mL,22-Nov,19:29,E2,1.107
BL21,Δ7,JOE6969,0.313 ng/mL,22-Nov,19:29,E3,0.293
BL21,wt,JOE2354,0.156 ng/mL,22-Nov,19:29,F2,1.156
BL21,Δ7,JOE6969,0.156 ng/mL,22-Nov,19:29,F3,0.965
BL21,wt,JOE2354,0.078 ng/mL,22-Nov,19:29,G2,1.158
BL21,Δ7,JOE6969,0.078 ng/mL,22-Nov,19:29,G3,1.04
BL21,wt,JOE2354,0 ng/mL,22-Nov,19:29,H2,1.152
BL21,Δ7,JOE6969,0 ng/mL,22-Nov,19:29,H3,1.099
BL21,wt,JOE2354,2.5 ng/mL,2-Dec,19:29,B2,0.321
BL21,Δ7,JOE6969,2.5 ng/mL,2-Dec,19:29,B3,0.108
BL21,wt,JOE2354,1.25 ng/mL,2-Dec,19:29,C2,0.38
BL21,Δ7,JOE6969,1.25 ng/mL,2-Dec,19:29,C3,0.106
BL21,wt,JOE2354,0.625 ng/mL,2-Dec,19:29,D2,0.951
BL21,Δ7,JOE6969,0.625 ng/mL,2-Dec,19:29,D3,0.346
BL21,wt,JOE2354,0.313 ng/mL,2-Dec,19:29,E2,1.121
BL21,Δ7,JOE6969,0.313 ng/mL,2-Dec,19:29,E3,0.591
BL21,wt,JOE2354,0.156 ng/mL,2-Dec,19:29,F2,1.164
BL21,Δ7,JOE6969,0.156 ng/mL,2-Dec,19:29,F3,0.974
BL21,wt,JOE2354,0.078 ng/mL,2-Dec,19:29,G2,1.169
BL21,Δ7,JOE6969,0.078 ng/mL,2-Dec,19:29,G3,1.039
BL21,wt,JOE2354,0 ng/mL,2-Dec,19:29,H2,1.141
BL21,Δ7,JOE6969,0 ng/mL,2-Dec,19:29,H3,1.085
BL21,wt,JOE2354,2.5 ng/mL,17-Nov,19:59,C2,0.247
BL21,Δ7,JOE6969,2.5 ng/mL,17-Nov,19:59,C3,0.124
BL21,wt,JOE2354,1.25 ng/mL,44882,19:59,D2,0.539
BL21,Δ7,JOE6969,1.25 ng/mL,17-Nov,19:59,D3,0.109
BL21,wt,JOE2354,0.625 ng/mL,17-Nov,19:59,E2,0.82
BL21,Δ7,JOE6969,0.625 ng/mL,17-Nov,19:59,E3,0.254
BL21,wt,JOE2354,0.313 ng/mL,17-Nov,19:59,F2,1.122
BL21,Δ7,JOE6969,0.313 ng/mL,17-Nov,19:59,F3,0.452
BL21,wt,JOE2354,0.156 ng/mL,17-Nov,19:59,G2,1.171
BL21,Δ7,JOE6969,0.156 ng/mL,17-Nov,19:59,G3,0.971
BL21,wt,JOE2354,0 ng/mL,17-Nov,19:59,H2,1.164
BL21,Δ7,JOE6969,0 ng/mL,17-Nov,19:59,H3,1.105
BL21,wt,JOE2354,2.5 ng/mL,22-Nov,19:59,B2,0.31
BL21,Δ7,JOE6969,2.5 ng/mL,22-Nov,19:59,B3,0.107
BL21,wt,JOE2354,1.25 ng/mL,22-Nov,19:59,C2,0.524
BL21,Δ7,JOE6969,1.25 ng/mL,22-Nov,19:59,C3,0.102
BL21,wt,JOE2354,0.625 ng/mL,22-Nov,19:59,D2,0.889
BL21,Δ7,JOE6969,0.625 ng/mL,22-Nov,19:59,D3,0.327
BL21,wt,JOE2354,0.313 ng/mL,22-Nov,19:59,E2,1.105
BL21,Δ7,JOE6969,0.313 ng/mL,22-Nov,19:59,E3,0.308
BL21,wt,JOE2354,0.156 ng/mL,22-Nov,19:59,F2,1.158
BL21,Δ7,JOE6969,0.156 ng/mL,22-Nov,19:59,F3,0.971
BL21,wt,JOE2354,0.078 ng/mL,22-Nov,19:59,G2,1.159
BL21,Δ7,JOE6969,0.078 ng/mL,22-Nov,19:59,G3,1.041
BL21,wt,JOE2354,0 ng/mL,22-Nov,19:59,H2,1.152
BL21,Δ7,JOE6969,0 ng/mL,22-Nov,19:59,H3,1.098
BL21,wt,JOE2354,2.5 ng/mL,2-Dec,19:59,B2,0.35
BL21,Δ7,JOE6969,2.5 ng/mL,2-Dec,19:59,B3,0.107
BL21,wt,JOE2354,1.25 ng/mL,2-Dec,19:59,C2,0.431
BL21,Δ7,JOE6969,1.25 ng/mL,2-Dec,19:59,C3,0.106
BL21,wt,JOE2354,0.625 ng/mL,2-Dec,19:59,D2,0.947
BL21,Δ7,JOE6969,0.625 ng/mL,2-Dec,19:59,D3,0.386
BL21,wt,JOE2354,0.313 ng/mL,2-Dec,19:59,E2,1.123
BL21,Δ7,JOE6969,0.313 ng/mL,2-Dec,19:59,E3,0.602
BL21,wt,JOE2354,0.156 ng/mL,2-Dec,19:59,F2,1.166
BL21,Δ7,JOE6969,0.156 ng/mL,2-Dec,19:59,F3,0.976
BL21,wt,JOE2354,0.078 ng/mL,2-Dec,19:59,G2,1.17
BL21,Δ7,JOE6969,0.078 ng/mL,2-Dec,19:59,G3,1.038
BL21,wt,JOE2354,0 ng/mL,2-Dec,19:59,H2,1.142
BL21,Δ7,JOE6969,0 ng/mL,2-Dec,19:59,H3,1.083
BL21,wt,JOE2354,2.5 ng/mL,17-Nov,20:29,C2,0.258
BL21,Δ7,JOE6969,2.5 ng/mL,17-Nov,20:29,C3,0.121
BL21,wt,JOE2354,1.25 ng/mL,44882,20:29,D2,0.567
BL21,Δ7,JOE6969,1.25 ng/mL,17-Nov,20:29,D3,0.109
BL21,wt,JOE2354,0.625 ng/mL,17-Nov,20:29,E2,0.822
BL21,Δ7,JOE6969,0.625 ng/mL,17-Nov,20:29,E3,0.286
BL21,wt,JOE2354,0.313 ng/mL,17-Nov,20:29,F2,1.125
BL21,Δ7,JOE6969,0.313 ng/mL,17-Nov,20:29,F3,0.459
BL21,wt,JOE2354,0.156 ng/mL,17-Nov,20:29,G2,1.171
BL21,Δ7,JOE6969,0.156 ng/mL,17-Nov,20:29,G3,0.974
BL21,wt,JOE2354,0 ng/mL,17-Nov,20:29,H2,1.165
BL21,Δ7,JOE6969,0 ng/mL,17-Nov,20:29,H3,1.103
BL21,wt,JOE2354,2.5 ng/mL,22-Nov,20:29,B2,0.342
BL21,Δ7,JOE6969,2.5 ng/mL,22-Nov,20:29,B3,0.107
BL21,wt,JOE2354,1.25 ng/mL,22-Nov,20:29,C2,0.564
BL21,Δ7,JOE6969,1.25 ng/mL,22-Nov,20:29,C3,0.102
BL21,wt,JOE2354,0.625 ng/mL,22-Nov,20:29,D2,0.886
BL21,Δ7,JOE6969,0.625 ng/mL,22-Nov,20:29,D3,0.365
BL21,wt,JOE2354,0.313 ng/mL,22-Nov,20:29,E2,1.104
BL21,Δ7,JOE6969,0.313 ng/mL,22-Nov,20:29,E3,0.321
BL21,wt,JOE2354,0.156 ng/mL,22-Nov,20:29,F2,1.161
BL21,Δ7,JOE6969,0.156 ng/mL,22-Nov,20:29,F3,0.978
BL21,wt,JOE2354,0.078 ng/mL,22-Nov,20:29,G2,1.161
BL21,Δ7,JOE6969,0.078 ng/mL,22-Nov,20:29,G3,1.041
BL21,wt,JOE2354,0 ng/mL,22-Nov,20:29,H2,1.157
BL21,Δ7,JOE6969,0 ng/mL,22-Nov,20:29,H3,1.098
BL21,wt,JOE2354,2.5 ng/mL,2-Dec,20:29,B2,0.377
BL21,Δ7,JOE6969,2.5 ng/mL,2-Dec,20:29,B3,0.107
BL21,wt,JOE2354,1.25 ng/mL,2-Dec,20:29,C2,0.465
BL21,Δ7,JOE6969,1.25 ng/mL,2-Dec,20:29,C3,0.106
BL21,wt,JOE2354,0.625 ng/mL,2-Dec,20:29,D2,0.949
BL21,Δ7,JOE6969,0.625 ng/mL,2-Dec,20:29,D3,0.429
BL21,wt,JOE2354,0.313 ng/mL,2-Dec,20:29,E2,1.122
BL21,Δ7,JOE6969,0.313 ng/mL,2-Dec,20:29,E3,0.619
BL21,wt,JOE2354,0.156 ng/mL,2-Dec,20:29,F2,1.166
BL21,Δ7,JOE6969,0.156 ng/mL,2-Dec,20:29,F3,0.98
BL21,wt,JOE2354,0.078 ng/mL,2-Dec,20:29,G2,1.171
BL21,Δ7,JOE6969,0.078 ng/mL,2-Dec,20:29,G3,1.039
BL21,wt,JOE2354,0 ng/mL,2-Dec,20:29,H2,1.14
BL21,Δ7,JOE6969,0 ng/mL,2-Dec,20:29,H3,1.08
BL21,wt,JOE2354,2.5 ng/mL,17-Nov,20:59,C2,0.261
BL21,Δ7,JOE6969,2.5 ng/mL,17-Nov,20:59,C3,0.121
BL21,wt,JOE2354,1.25 ng/mL,44882,20:59,D2,0.592
BL21,Δ7,JOE6969,1.25 ng/mL,17-Nov,20:59,D3,0.109
BL21,wt,JOE2354,0.625 ng/mL,17-Nov,20:59,E2,0.821
BL21,Δ7,JOE6969,0.625 ng/mL,17-Nov,20:59,E3,0.317
BL21,wt,JOE2354,0.313 ng/mL,17-Nov,20:59,F2,1.12
BL21,Δ7,JOE6969,0.313 ng/mL,17-Nov,20:59,F3,0.471
BL21,wt,JOE2354,0.156 ng/mL,17-Nov,20:59,G2,1.171
BL21,Δ7,JOE6969,0.156 ng/mL,17-Nov,20:59,G3,0.971
BL21,wt,JOE2354,0 ng/mL,17-Nov,20:59,H2,1.165
BL21,Δ7,JOE6969,0 ng/mL,17-Nov,20:59,H3,1.1
BL21,wt,JOE2354,2.5 ng/mL,22-Nov,20:59,B2,0.367
BL21,Δ7,JOE6969,2.5 ng/mL,22-Nov,20:59,B3,0.106
BL21,wt,JOE2354,1.25 ng/mL,22-Nov,20:59,C2,0.599
BL21,Δ7,JOE6969,1.25 ng/mL,22-Nov,20:59,C3,0.102
BL21,wt,JOE2354,0.625 ng/mL,22-Nov,20:59,D2,0.889
BL21,Δ7,JOE6969,0.625 ng/mL,22-Nov,20:59,D3,0.405
BL21,wt,JOE2354,0.313 ng/mL,22-Nov,20:59,E2,1.106
BL21,Δ7,JOE6969,0.313 ng/mL,22-Nov,20:59,E3,0.334
BL21,wt,JOE2354,0.156 ng/mL,22-Nov,20:59,F2,1.159
BL21,Δ7,JOE6969,0.156 ng/mL,22-Nov,20:59,F3,0.976
BL21,wt,JOE2354,0.078 ng/mL,22-Nov,20:59,G2,1.161
BL21,Δ7,JOE6969,0.078 ng/mL,22-Nov,20:59,G3,1.04
BL21,wt,JOE2354,0 ng/mL,22-Nov,20:59,H2,1.154
BL21,Δ7,JOE6969,0 ng/mL,22-Nov,20:59,H3,1.095
BL21,wt,JOE2354,2.5 ng/mL,2-Dec,20:59,B2,0.392
BL21,Δ7,JOE6969,2.5 ng/mL,2-Dec,20:59,B3,0.107
BL21,wt,JOE2354,1.25 ng/mL,2-Dec,20:59,C2,0.503
BL21,Δ7,JOE6969,1.25 ng/mL,2-Dec,20:59,C3,0.106
BL21,wt,JOE2354,0.625 ng/mL,2-Dec,20:59,D2,0.951
BL21,Δ7,JOE6969,0.625 ng/mL,2-Dec,20:59,D3,0.474
BL21,wt,JOE2354,0.313 ng/mL,2-Dec,20:59,E2,1.122
BL21,Δ7,JOE6969,0.313 ng/mL,2-Dec,20:59,E3,0.629
BL21,wt,JOE2354,0.156 ng/mL,2-Dec,20:59,F2,1.167
BL21,Δ7,JOE6969,0.156 ng/mL,2-Dec,20:59,F3,0.981
BL21,wt,JOE2354,0.078 ng/mL,2-Dec,20:59,G2,1.171
BL21,Δ7,JOE6969,0.078 ng/mL,2-Dec,20:59,G3,1.036
BL21,wt,JOE2354,0 ng/mL,2-Dec,20:59,H2,1.143
BL21,Δ7,JOE6969,0 ng/mL,2-Dec,20:59,H3,1.078
BL21,wt,JOE2354,2.5 ng/mL,17-Nov,21:29,C2,0.258
BL21,Δ7,JOE6969,2.5 ng/mL,17-Nov,21:29,C3,0.12
BL21,wt,JOE2354,1.25 ng/mL,44882,21:29,D2,0.616
BL21,Δ7,JOE6969,1.25 ng/mL,17-Nov,21:29,D3,0.109
BL21,wt,JOE2354,0.625 ng/mL,17-Nov,21:29,E2,0.826
BL21,Δ7,JOE6969,0.625 ng/mL,17-Nov,21:29,E3,0.346
BL21,wt,JOE2354,0.313 ng/mL,17-Nov,21:29,F2,1.123
BL21,Δ7,JOE6969,0.313 ng/mL,17-Nov,21:29,F3,0.478
BL21,wt,JOE2354,0.156 ng/mL,17-Nov,21:29,G2,1.173
BL21,Δ7,JOE6969,0.156 ng/mL,17-Nov,21:29,G3,0.972
BL21,wt,JOE2354,0 ng/mL,17-Nov,21:29,H2,1.165
BL21,Δ7,JOE6969,0 ng/mL,17-Nov,21:29,H3,1.097
BL21,wt,JOE2354,2.5 ng/mL,22-Nov,21:29,B2,0.391
BL21,Δ7,JOE6969,2.5 ng/mL,22-Nov,21:29,B3,0.106
BL21,wt,JOE2354,1.25 ng/mL,22-Nov,21:29,C2,0.63
BL21,Δ7,JOE6969,1.25 ng/mL,22-Nov,21:29,C3,0.102
BL21,wt,JOE2354,0.625 ng/mL,22-Nov,21:29,D2,0.885
BL21,Δ7,JOE6969,0.625 ng/mL,22-Nov,21:29,D3,0.45
BL21,wt,JOE2354,0.313 ng/mL,22-Nov,21:29,E2,1.107
BL21,Δ7,JOE6969,0.313 ng/mL,22-Nov,21:29,E3,0.35
BL21,wt,JOE2354,0.156 ng/mL,22-Nov,21:29,F2,1.161
BL21,Δ7,JOE6969,0.156 ng/mL,22-Nov,21:29,F3,0.982
BL21,wt,JOE2354,0.078 ng/mL,22-Nov,21:29,G2,1.163
BL21,Δ7,JOE6969,0.078 ng/mL,22-Nov,21:29,G3,1.04
BL21,wt,JOE2354,0 ng/mL,22-Nov,21:29,H2,1.154
BL21,Δ7,JOE6969,0 ng/mL,22-Nov,21:29,H3,1.095
BL21,wt,JOE2354,2.5 ng/mL,2-Dec,21:29,B2,0.412
BL21,Δ7,JOE6969,2.5 ng/mL,2-Dec,21:29,B3,0.108
BL21,wt,JOE2354,1.25 ng/mL,2-Dec,21:29,C2,0.538
BL21,Δ7,JOE6969,1.25 ng/mL,2-Dec,21:29,C3,0.106
BL21,wt,JOE2354,0.625 ng/mL,2-Dec,21:29,D2,0.944
BL21,Δ7,JOE6969,0.625 ng/mL,2-Dec,21:29,D3,0.534
BL21,wt,JOE2354,0.313 ng/mL,2-Dec,21:29,E2,1.119
BL21,Δ7,JOE6969,0.313 ng/mL,2-Dec,21:29,E3,0.641
BL21,wt,JOE2354,0.156 ng/mL,2-Dec,21:29,F2,1.169
BL21,Δ7,JOE6969,0.156 ng/mL,2-Dec,21:29,F3,0.981
BL21,wt,JOE2354,0.078 ng/mL,2-Dec,21:29,G2,1.172
BL21,Δ7,JOE6969,0.078 ng/mL,2-Dec,21:29,G3,1.036
BL21,wt,JOE2354,0 ng/mL,2-Dec,21:29,H2,1.144
BL21,Δ7,JOE6969,0 ng/mL,2-Dec,21:29,H3,1.076
BL21,wt,JOE2354,2.5 ng/mL,17-Nov,21:59,C2,0.246
BL21,Δ7,JOE6969,2.5 ng/mL,17-Nov,21:59,C3,0.119
BL21,wt,JOE2354,1.25 ng/mL,44882,21:59,D2,0.638
BL21,Δ7,JOE6969,1.25 ng/mL,17-Nov,21:59,D3,0.109
BL21,wt,JOE2354,0.625 ng/mL,17-Nov,21:59,E2,0.828
BL21,Δ7,JOE6969,0.625 ng/mL,17-Nov,21:59,E3,0.375
BL21,wt,JOE2354,0.313 ng/mL,17-Nov,21:59,F2,1.119
BL21,Δ7,JOE6969,0.313 ng/mL,17-Nov,21:59,F3,0.484
BL21,wt,JOE2354,0.156 ng/mL,17-Nov,21:59,G2,1.17
BL21,Δ7,JOE6969,0.156 ng/mL,17-Nov,21:59,G3,0.974
BL21,wt,JOE2354,0 ng/mL,17-Nov,21:59,H2,1.166
BL21,Δ7,JOE6969,0 ng/mL,17-Nov,21:59,H3,1.094
BL21,wt,JOE2354,2.5 ng/mL,22-Nov,21:59,B2,0.399
BL21,Δ7,JOE6969,2.5 ng/mL,22-Nov,21:59,B3,0.105
BL21,wt,JOE2354,1.25 ng/mL,22-Nov,21:59,C2,0.66
BL21,Δ7,JOE6969,1.25 ng/mL,22-Nov,21:59,C3,0.102
BL21,wt,JOE2354,0.625 ng/mL,22-Nov,21:59,D2,0.882
BL21,Δ7,JOE6969,0.625 ng/mL,22-Nov,21:59,D3,0.497
BL21,wt,JOE2354,0.313 ng/mL,22-Nov,21:59,E2,1.11
BL21,Δ7,JOE6969,0.313 ng/mL,22-Nov,21:59,E3,0.364
BL21,wt,JOE2354,0.156 ng/mL,22-Nov,21:59,F2,1.161
BL21,Δ7,JOE6969,0.156 ng/mL,22-Nov,21:59,F3,0.982
BL21,wt,JOE2354,0.078 ng/mL,22-Nov,21:59,G2,1.163
BL21,Δ7,JOE6969,0.078 ng/mL,22-Nov,21:59,G3,1.04
BL21,wt,JOE2354,0 ng/mL,22-Nov,21:59,H2,1.156
BL21,Δ7,JOE6969,0 ng/mL,22-Nov,21:59,H3,1.09
BL21,wt,JOE2354,2.5 ng/mL,2-Dec,21:59,B2,0.408
BL21,Δ7,JOE6969,2.5 ng/mL,2-Dec,21:59,B3,0.107
BL21,wt,JOE2354,1.25 ng/mL,2-Dec,21:59,C2,0.567
BL21,Δ7,JOE6969,1.25 ng/mL,2-Dec,21:59,C3,0.106
BL21,wt,JOE2354,0.625 ng/mL,2-Dec,21:59,D2,0.944
BL21,Δ7,JOE6969,0.625 ng/mL,2-Dec,21:59,D3,0.568
BL21,wt,JOE2354,0.313 ng/mL,2-Dec,21:59,E2,1.121
BL21,Δ7,JOE6969,0.313 ng/mL,2-Dec,21:59,E3,0.65
BL21,wt,JOE2354,0.156 ng/mL,2-Dec,21:59,F2,1.169
BL21,Δ7,JOE6969,0.156 ng/mL,2-Dec,21:59,F3,0.982
BL21,wt,JOE2354,0.078 ng/mL,2-Dec,21:59,G2,1.173
BL21,Δ7,JOE6969,0.078 ng/mL,2-Dec,21:59,G3,1.034
BL21,wt,JOE2354,0 ng/mL,2-Dec,21:59,H2,1.142
BL21,Δ7,JOE6969,0 ng/mL,2-Dec,21:59,H3,1.073
BL21,wt,JOE2354,2.5 ng/mL,17-Nov,22:29,C2,0.227
BL21,Δ7,JOE6969,2.5 ng/mL,17-Nov,22:29,C3,0.118
BL21,wt,JOE2354,1.25 ng/mL,44882,22:29,D2,0.664
BL21,Δ7,JOE6969,1.25 ng/mL,17-Nov,22:29,D3,0.109
BL21,wt,JOE2354,0.625 ng/mL,17-Nov,22:29,E2,0.83
BL21,Δ7,JOE6969,0.625 ng/mL,17-Nov,22:29,E3,0.412
BL21,wt,JOE2354,0.313 ng/mL,17-Nov,22:29,F2,1.122
BL21,Δ7,JOE6969,0.313 ng/mL,17-Nov,22:29,F3,0.5
BL21,wt,JOE2354,0.156 ng/mL,17-Nov,22:29,G2,1.172
BL21,Δ7,JOE6969,0.156 ng/mL,17-Nov,22:29,G3,0.968
BL21,wt,JOE2354,0 ng/mL,17-Nov,22:29,H2,1.166
BL21,Δ7,JOE6969,0 ng/mL,17-Nov,22:29,H3,1.091
BL21,wt,JOE2354,2.5 ng/mL,22-Nov,22:29,B2,0.405
BL21,Δ7,JOE6969,2.5 ng/mL,22-Nov,22:29,B3,0.105
BL21,wt,JOE2354,1.25 ng/mL,22-Nov,22:29,C2,0.687
BL21,Δ7,JOE6969,1.25 ng/mL,22-Nov,22:29,C3,0.102
BL21,wt,JOE2354,0.625 ng/mL,22-Nov,22:29,D2,0.884
BL21,Δ7,JOE6969,0.625 ng/mL,22-Nov,22:29,D3,0.547
BL21,wt,JOE2354,0.313 ng/mL,22-Nov,22:29,E2,1.105
BL21,Δ7,JOE6969,0.313 ng/mL,22-Nov,22:29,E3,0.385
BL21,wt,JOE2354,0.156 ng/mL,22-Nov,22:29,F2,1.16
BL21,Δ7,JOE6969,0.156 ng/mL,22-Nov,22:29,F3,0.983
BL21,wt,JOE2354,0.078 ng/mL,22-Nov,22:29,G2,1.163
BL21,Δ7,JOE6969,0.078 ng/mL,22-Nov,22:29,G3,1.039
BL21,wt,JOE2354,0 ng/mL,22-Nov,22:29,H2,1.154
BL21,Δ7,JOE6969,0 ng/mL,22-Nov,22:29,H3,1.089
BL21,wt,JOE2354,2.5 ng/mL,2-Dec,22:29,B2,0.402
BL21,Δ7,JOE6969,2.5 ng/mL,2-Dec,22:29,B3,0.106
BL21,wt,JOE2354,1.25 ng/mL,2-Dec,22:29,C2,0.595
BL21,Δ7,JOE6969,1.25 ng/mL,2-Dec,22:29,C3,0.106
BL21,wt,JOE2354,0.625 ng/mL,2-Dec,22:29,D2,0.944
BL21,Δ7,JOE6969,0.625 ng/mL,2-Dec,22:29,D3,0.593
BL21,wt,JOE2354,0.313 ng/mL,2-Dec,22:29,E2,1.122
BL21,Δ7,JOE6969,0.313 ng/mL,2-Dec,22:29,E3,0.662
BL21,wt,JOE2354,0.156 ng/mL,2-Dec,22:29,F2,1.169
BL21,Δ7,JOE6969,0.156 ng/mL,2-Dec,22:29,F3,0.979
BL21,wt,JOE2354,0.078 ng/mL,2-Dec,22:29,G2,1.173
BL21,Δ7,JOE6969,0.078 ng/mL,2-Dec,22:29,G3,1.034
BL21,wt,JOE2354,0 ng/mL,2-Dec,22:29,H2,1.143
BL21,Δ7,JOE6969,0 ng/mL,2-Dec,22:29,H3,1.07
BL21,wt,JOE2354,2.5 ng/mL,17-Nov,22:59,C2,0.208
BL21,Δ7,JOE6969,2.5 ng/mL,17-Nov,22:59,C3,0.118
BL21,wt,JOE2354,1.25 ng/mL,44882,22:59,D2,0.693
BL21,Δ7,JOE6969,1.25 ng/mL,17-Nov,22:59,D3,0.109
BL21,wt,JOE2354,0.625 ng/mL,17-Nov,22:59,E2,0.826
BL21,Δ7,JOE6969,0.625 ng/mL,17-Nov,22:59,E3,0.449
BL21,wt,JOE2354,0.313 ng/mL,17-Nov,22:59,F2,1.122
BL21,Δ7,JOE6969,0.313 ng/mL,17-Nov,22:59,F3,0.505
BL21,wt,JOE2354,0.156 ng/mL,17-Nov,22:59,G2,1.173
BL21,Δ7,JOE6969,0.156 ng/mL,17-Nov,22:59,G3,0.972
BL21,wt,JOE2354,0 ng/mL,17-Nov,22:59,H2,1.167
BL21,Δ7,JOE6969,0 ng/mL,17-Nov,22:59,H3,1.09
BL21,wt,JOE2354,2.5 ng/mL,22-Nov,22:59,B2,0.401
BL21,Δ7,JOE6969,2.5 ng/mL,22-Nov,22:59,B3,0.104
BL21,wt,JOE2354,1.25 ng/mL,22-Nov,22:59,C2,0.716
BL21,Δ7,JOE6969,1.25 ng/mL,22-Nov,22:59,C3,0.102
BL21,wt,JOE2354,0.625 ng/mL,22-Nov,22:59,D2,0.888
BL21,Δ7,JOE6969,0.625 ng/mL,22-Nov,22:59,D3,0.598
BL21,wt,JOE2354,0.313 ng/mL,22-Nov,22:59,E2,1.107
BL21,Δ7,JOE6969,0.313 ng/mL,22-Nov,22:59,E3,0.406
BL21,wt,JOE2354,0.156 ng/mL,22-Nov,22:59,F2,1.16
BL21,Δ7,JOE6969,0.156 ng/mL,22-Nov,22:59,F3,0.986
BL21,wt,JOE2354,0.078 ng/mL,22-Nov,22:59,G2,1.165
BL21,Δ7,JOE6969,0.078 ng/mL,22-Nov,22:59,G3,1.039
BL21,wt,JOE2354,0 ng/mL,22-Nov,22:59,H2,1.155
BL21,Δ7,JOE6969,0 ng/mL,22-Nov,22:59,H3,1.086
BL21,wt,JOE2354,2.5 ng/mL,2-Dec,22:59,B2,0.395
BL21,Δ7,JOE6969,2.5 ng/mL,2-Dec,22:59,B3,0.106
BL21,wt,JOE2354,1.25 ng/mL,2-Dec,22:59,C2,0.621
BL21,Δ7,JOE6969,1.25 ng/mL,2-Dec,22:59,C3,0.106
BL21,wt,JOE2354,0.625 ng/mL,2-Dec,22:59,D2,0.944
BL21,Δ7,JOE6969,0.625 ng/mL,2-Dec,22:59,D3,0.612
BL21,wt,JOE2354,0.313 ng/mL,2-Dec,22:59,E2,1.122
BL21,Δ7,JOE6969,0.313 ng/mL,2-Dec,22:59,E3,0.669
BL21,wt,JOE2354,0.156 ng/mL,2-Dec,22:59,F2,1.17
BL21,Δ7,JOE6969,0.156 ng/mL,2-Dec,22:59,F3,0.978
BL21,wt,JOE2354,0.078 ng/mL,2-Dec,22:59,G2,1.175
BL21,Δ7,JOE6969,0.078 ng/mL,2-Dec,22:59,G3,1.031
BL21,wt,JOE2354,0 ng/mL,2-Dec,22:59,H2,1.144
BL21,Δ7,JOE6969,0 ng/mL,2-Dec,22:59,H3,1.07
BL21,wt,JOE2354,2.5 ng/mL,17-Nov,23:29,C2,0.193
BL21,Δ7,JOE6969,2.5 ng/mL,17-Nov,23:29,C3,0.117
BL21,wt,JOE2354,1.25 ng/mL,44882,23:29,D2,0.721
BL21,Δ7,JOE6969,1.25 ng/mL,17-Nov,23:29,D3,0.109
BL21,wt,JOE2354,0.625 ng/mL,17-Nov,23:29,E2,0.826
BL21,Δ7,JOE6969,0.625 ng/mL,17-Nov,23:29,E3,0.488
BL21,wt,JOE2354,0.313 ng/mL,17-Nov,23:29,F2,1.12
BL21,Δ7,JOE6969,0.313 ng/mL,17-Nov,23:29,F3,0.517
BL21,wt,JOE2354,0.156 ng/mL,17-Nov,23:29,G2,1.172
BL21,Δ7,JOE6969,0.156 ng/mL,17-Nov,23:29,G3,0.972
BL21,wt,JOE2354,0 ng/mL,17-Nov,23:29,H2,1.166
BL21,Δ7,JOE6969,0 ng/mL,17-Nov,23:29,H3,1.095
BL21,wt,JOE2354,2.5 ng/mL,22-Nov,23:29,B2,0.384
BL21,Δ7,JOE6969,2.5 ng/mL,22-Nov,23:29,B3,0.104
BL21,wt,JOE2354,1.25 ng/mL,22-Nov,23:29,C2,0.749
BL21,Δ7,JOE6969,1.25 ng/mL,22-Nov,23:29,C3,0.102
BL21,wt,JOE2354,0.625 ng/mL,22-Nov,23:29,D2,0.882
BL21,Δ7,JOE6969,0.625 ng/mL,22-Nov,23:29,D3,0.626
BL21,wt,JOE2354,0.313 ng/mL,22-Nov,23:29,E2,1.106
BL21,Δ7,JOE6969,0.313 ng/mL,22-Nov,23:29,E3,0.423
BL21,wt,JOE2354,0.156 ng/mL,22-Nov,23:29,F2,1.16
BL21,Δ7,JOE6969,0.156 ng/mL,22-Nov,23:29,F3,0.985
BL21,wt,JOE2354,0.078 ng/mL,22-Nov,23:29,G2,1.165
BL21,Δ7,JOE6969,0.078 ng/mL,22-Nov,23:29,G3,1.036
BL21,wt,JOE2354,0 ng/mL,22-Nov,23:29,H2,1.156
BL21,Δ7,JOE6969,0 ng/mL,22-Nov,23:29,H3,1.081
BL21,wt,JOE2354,2.5 ng/mL,2-Dec,23:29,B2,0.381
BL21,Δ7,JOE6969,2.5 ng/mL,2-Dec,23:29,B3,0.106
BL21,wt,JOE2354,1.25 ng/mL,2-Dec,23:29,C2,0.653
BL21,Δ7,JOE6969,1.25 ng/mL,2-Dec,23:29,C3,0.106
BL21,wt,JOE2354,0.625 ng/mL,2-Dec,23:29,D2,0.942
BL21,Δ7,JOE6969,0.625 ng/mL,2-Dec,23:29,D3,0.629
BL21,wt,JOE2354,0.313 ng/mL,2-Dec,23:29,E2,1.121
BL21,Δ7,JOE6969,0.313 ng/mL,2-Dec,23:29,E3,0.675
BL21,wt,JOE2354,0.156 ng/mL,2-Dec,23:29,F2,1.17
BL21,Δ7,JOE6969,0.156 ng/mL,2-Dec,23:29,F3,0.977
BL21,wt,JOE2354,0.078 ng/mL,2-Dec,23:29,G2,1.174
BL21,Δ7,JOE6969,0.078 ng/mL,2-Dec,23:29,G3,1.027
BL21,wt,JOE2354,0 ng/mL,2-Dec,23:29,H2,1.143
BL21,Δ7,JOE6969,0 ng/mL,2-Dec,23:29,H3,1.066
BL21,wt,JOE2354,2.5 ng/mL,17-Nov,23:59,C2,0.182
BL21,Δ7,JOE6969,2.5 ng/mL,17-Nov,23:59,C3,0.116
BL21,wt,JOE2354,1.25 ng/mL,44882,23:59,D2,0.743
BL21,Δ7,JOE6969,1.25 ng/mL,17-Nov,23:59,D3,0.109
BL21,wt,JOE2354,0.625 ng/mL,17-Nov,23:59,E2,0.823
BL21,Δ7,JOE6969,0.625 ng/mL,17-Nov,23:59,E3,0.527
BL21,wt,JOE2354,0.313 ng/mL,17-Nov,23:59,F2,1.117
BL21,Δ7,JOE6969,0.313 ng/mL,17-Nov,23:59,F3,0.521
BL21,wt,JOE2354,0.156 ng/mL,17-Nov,23:59,G2,1.171
BL21,Δ7,JOE6969,0.156 ng/mL,17-Nov,23:59,G3,0.97
BL21,wt,JOE2354,0 ng/mL,17-Nov,23:59,H2,1.165
BL21,Δ7,JOE6969,0 ng/mL,17-Nov,23:59,H3,1.093
BL21,wt,JOE2354,2.5 ng/mL,22-Nov,23:59,B2,0.368
BL21,Δ7,JOE6969,2.5 ng/mL,22-Nov,23:59,B3,0.103
BL21,wt,JOE2354,1.25 ng/mL,22-Nov,23:59,C2,0.774
BL21,Δ7,JOE6969,1.25 ng/mL,22-Nov,23:59,C3,0.102
BL21,wt,JOE2354,0.625 ng/mL,22-Nov,23:59,D2,0.881
BL21,Δ7,JOE6969,0.625 ng/mL,22-Nov,23:59,D3,0.645
BL21,wt,JOE2354,0.313 ng/mL,22-Nov,23:59,E2,1.107
BL21,Δ7,JOE6969,0.313 ng/mL,22-Nov,23:59,E3,0.436
BL21,wt,JOE2354,0.156 ng/mL,22-Nov,23:59,F2,1.16
BL21,Δ7,JOE6969,0.156 ng/mL,22-Nov,23:59,F3,0.986
BL21,wt,JOE2354,0.078 ng/mL,22-Nov,23:59,G2,1.166
BL21,Δ7,JOE6969,0.078 ng/mL,22-Nov,23:59,G3,1.034
BL21,wt,JOE2354,0 ng/mL,22-Nov,23:59,H2,1.157
BL21,Δ7,JOE6969,0 ng/mL,22-Nov,23:59,H3,1.083
BL21,wt,JOE2354,2.5 ng/mL,2-Dec,23:59,B2,0.379
BL21,Δ7,JOE6969,2.5 ng/mL,2-Dec,23:59,B3,0.106
BL21,wt,JOE2354,1.25 ng/mL,2-Dec,23:59,C2,0.688
BL21,Δ7,JOE6969,1.25 ng/mL,2-Dec,23:59,C3,0.106
BL21,wt,JOE2354,0.625 ng/mL,2-Dec,23:59,D2,0.943
BL21,Δ7,JOE6969,0.625 ng/mL,2-Dec,23:59,D3,0.645
BL21,wt,JOE2354,0.313 ng/mL,2-Dec,23:59,E2,1.121
BL21,Δ7,JOE6969,0.313 ng/mL,2-Dec,23:59,E3,0.685
BL21,wt,JOE2354,0.156 ng/mL,2-Dec,23:59,F2,1.17
BL21,Δ7,JOE6969,0.156 ng/mL,2-Dec,23:59,F3,0.977
BL21,wt,JOE2354,0.078 ng/mL,2-Dec,23:59,G2,1.175
BL21,Δ7,JOE6969,0.078 ng/mL,2-Dec,23:59,G3,1.027
BL21,wt,JOE2354,0 ng/mL,2-Dec,23:59,H2,1.143
BL21,Δ7,JOE6969,0 ng/mL,2-Dec,23:59,H3,1.07
